"TaxonID","domain","phylum","class","order","family","genus"
"OTU13","Bacteria","Firmicutes","Bacilli","Bacillales","Staphylococcaceae","Staphylococcus"
"OTU1","Bacteria","Actinobacteria","Actinobacteria","Actinomycetales","Propionibacteriaceae","Propionibacterium"
"OTU1629","Bacteria","Actinobacteria","Actinobacteria","Actinomycetales","Corynebacteriaceae","Corynebacterium"
"OTU1860","Bacteria","Proteobacteria","Alphaproteobacteria","Caulobacterales","Caulobacteraceae","unclassified_Caulobacteraceae"
"OTU41","Bacteria","Actinobacteria","Actinobacteria","Actinomycetales","Corynebacteriaceae","Corynebacterium"
"OTU17","Bacteria","Actinobacteria","Actinobacteria","Actinomycetales","Corynebacteriaceae","Corynebacterium"
"OTU1876","Bacteria","Actinobacteria","Actinobacteria","Actinomycetales","Micrococcaceae","Micrococcus"
"OTU785","Bacteria","Firmicutes","Bacilli","Lactobacillales","Streptococcaceae","Streptococcus"
"OTU418","Bacteria","Actinobacteria","Actinobacteria","Actinomycetales","Intrasporangiaceae","unclassified_Intrasporangiaceae"
"OTU130","Bacteria","Actinobacteria","Actinobacteria","Actinomycetales","Dietziaceae","Dietzia"
"OTU98","Bacteria","Proteobacteria","Betaproteobacteria","Burkholderiales","Burkholderiales_incertae_sedis","Sphaerotilus"
"OTU622","Bacteria","Firmicutes","Bacilli","Lactobacillales","Aerococcaceae","Abiotrophia"
"OTU1653","Bacteria","Firmicutes","Bacilli","Lactobacillales","Carnobacteriaceae","Atopococcus"
"OTU65","Bacteria","Actinobacteria","Actinobacteria","Actinomycetales","Corynebacteriaceae","Corynebacterium"
"OTU1975","Bacteria","Actinobacteria","Actinobacteria","Actinomycetales","Corynebacteriaceae","Corynebacterium"
"OTU151","Bacteria","Firmicutes","Bacilli","Lactobacillales","Carnobacteriaceae","Granulicatella"
"OTU235","Bacteria","Actinobacteria","Actinobacteria","Actinomycetales","Dermacoccaceae","Kytococcus"
"OTU52","Bacteria","Firmicutes","Bacilli","Lactobacillales","Streptococcaceae","Streptococcus"
"OTU423","Bacteria","Proteobacteria","Betaproteobacteria","Neisseriales","Neisseriaceae","Neisseria"
"OTU147","Bacteria","Firmicutes","Bacilli","Bacillales","Staphylococcaceae","Staphylococcus"
"OTU1419","Bacteria","Candidatus Saccharibacteria","unclassified_Candidatus Saccharibacteria","unclassified_Candidatus Saccharibacteria","unclassified_Candidatus Saccharibacteria","Saccharibacteria_genera_incertae_sedis"
"OTU4","Bacteria","Firmicutes","Bacilli","Bacillales","Staphylococcaceae","Staphylococcus"
"OTU280","Bacteria","Proteobacteria","Alphaproteobacteria","Rhodobacterales","Rhodobacteraceae","Paracoccus"
"OTU5","Bacteria","Actinobacteria","Actinobacteria","Actinomycetales","Corynebacteriaceae","Corynebacterium"
"OTU12","Bacteria","Proteobacteria","Betaproteobacteria","Burkholderiales","Burkholderiaceae","Burkholderia"
"OTU94","Bacteria","Proteobacteria","Betaproteobacteria","Burkholderiales","Comamonadaceae","Acidovorax"
"OTU265","Bacteria","Proteobacteria","Gammaproteobacteria","Xanthomonadales","Xanthomonadaceae","Pseudoxanthomonas"
"OTU158","Bacteria","Actinobacteria","Actinobacteria","Actinomycetales","Microbacteriaceae","Microbacterium"
"OTU23","Bacteria","Firmicutes","Bacilli","Bacillales","Staphylococcaceae","Staphylococcus"
"OTU530","Bacteria","Fusobacteria","Fusobacteriia","Fusobacteriales","Leptotrichiaceae","Leptotrichia"
"OTU31","Bacteria","Proteobacteria","Betaproteobacteria","Rhodocyclales","Rhodocyclaceae","unclassified_Rhodocyclaceae"
"OTU371","Bacteria","Firmicutes","Bacilli","Lactobacillales","Streptococcaceae","Streptococcus"
"OTU436","Bacteria","Actinobacteria","Actinobacteria","Actinomycetales","Actinomycetaceae","Actinomyces"
"OTU1056","Bacteria","Bacteroidetes","Bacteroidia","Bacteroidales","Porphyromonadaceae","Porphyromonas"
"OTU1038","Bacteria","Proteobacteria","Betaproteobacteria","Burkholderiales","Burkholderiales_incertae_sedis","Tepidimonas"
"OTU1304","Bacteria","Firmicutes","Clostridia","Clostridiales","Clostridiales_Incertae Sedis XI","Anaerococcus"
"OTU258","Bacteria","Firmicutes","Bacilli","Bacillales","Paenibacillaceae 1","Brevibacillus"
"OTU127","Bacteria","Firmicutes","Bacilli","Lactobacillales","Streptococcaceae","Streptococcus"
"OTU92","Bacteria","Actinobacteria","Actinobacteria","Actinomycetales","Micrococcaceae","Rothia"
"OTU27","Bacteria","Proteobacteria","Alphaproteobacteria","Caulobacterales","Caulobacteraceae","Brevundimonas"
"OTU8","Bacteria","Actinobacteria","Actinobacteria","Actinomycetales","Propionibacteriaceae","Propionibacterium"
"OTU2021","Bacteria","Actinobacteria","Actinobacteria","Actinomycetales","Intrasporangiaceae","Janibacter"
"OTU374","Bacteria","Proteobacteria","Betaproteobacteria","Neisseriales","Neisseriaceae","Neisseria"
"OTU304","Bacteria","Deinococcus-Thermus","Deinococci","Thermales","Thermaceae","Meiothermus"
"OTU32","Bacteria","Proteobacteria","Betaproteobacteria","Burkholderiales","Comamonadaceae","Acidovorax"
"OTU29","Bacteria","Proteobacteria","Alphaproteobacteria","Rhodobacterales","Rhodobacteraceae","Paracoccus"
"OTU1752","Bacteria","Actinobacteria","Actinobacteria","Actinomycetales","Corynebacteriaceae","Corynebacterium"
"OTU28","Bacteria","Proteobacteria","Betaproteobacteria","Burkholderiales","Alcaligenaceae","unclassified_Alcaligenaceae"
"OTU329","Bacteria","Proteobacteria","Gammaproteobacteria","Enterobacteriales","Enterobacteriaceae","Serratia"
"OTU113","Bacteria","Actinobacteria","Actinobacteria","Actinomycetales","Microbacteriaceae","unclassified_Microbacteriaceae"
"OTU1697","Bacteria","Actinobacteria","Actinobacteria","Gaiellales","Gaiellaceae","Gaiella"
"OTU1703","Bacteria","Actinobacteria","Actinobacteria","Gaiellales","Gaiellaceae","Gaiella"
"OTU90","Bacteria","Firmicutes","Bacilli","Lactobacillales","Carnobacteriaceae","Granulicatella"
"OTU138","Bacteria","Proteobacteria","Gammaproteobacteria","Enterobacteriales","Enterobacteriaceae","unclassified_Enterobacteriaceae"
"OTU10","Bacteria","Proteobacteria","Betaproteobacteria","Burkholderiales","Comamonadaceae","Pelomonas"
"OTU863","Bacteria","Proteobacteria","Gammaproteobacteria","Pseudomonadales","Moraxellaceae","Acinetobacter"
"OTU1424","Bacteria","Chloroflexi","Thermomicrobia","Sphaerobacterales","Sphaerobacteraceae","unclassified_Sphaerobacteraceae"
"OTU21","Bacteria","Proteobacteria","Alphaproteobacteria","Rhizobiales","Bradyrhizobiaceae","Bradyrhizobium"
"OTU230","Bacteria","Bacteroidetes","Flavobacteriia","Flavobacteriales","Flavobacteriaceae","Cloacibacterium"
"OTU142","Bacteria","Firmicutes","Bacilli","Bacillales","Staphylococcaceae","Staphylococcus"
"OTU1744","Bacteria","Actinobacteria","Actinobacteria","Actinomycetales","Corynebacteriaceae","Corynebacterium"
"OTU248","Bacteria","Bacteroidetes","Bacteroidia","Bacteroidales","Prevotellaceae","Prevotella"
"OTU11","Bacteria","Actinobacteria","Actinobacteria","Actinomycetales","Propionibacteriaceae","Propionibacterium"
"OTU489","Bacteria","Bacteroidetes","Flavobacteriia","Flavobacteriales","Flavobacteriaceae","Capnocytophaga"
"OTU77","Bacteria","Proteobacteria","Alphaproteobacteria","Caulobacterales","Caulobacteraceae","unclassified_Caulobacteraceae"
"OTU22","Bacteria","Proteobacteria","Alphaproteobacteria","Rhizobiales","Methylobacteriaceae","Methylobacterium"
"OTU323","Bacteria","Actinobacteria","Actinobacteria","Actinomycetales","unclassified_Actinomycetales","unclassified_Actinomycetales"
"OTU707","Bacteria","Proteobacteria","Alphaproteobacteria","Sphingomonadales","Sphingomonadaceae","Sphingopyxis"
"OTU117","Bacteria","Firmicutes","Bacilli","Bacillales","Bacillales_Incertae Sedis XI","Gemella"
"OTU288","Bacteria","Firmicutes","Negativicutes","Selenomonadales","Veillonellaceae","Veillonella"
"OTU904","Bacteria","Firmicutes","Clostridia","Clostridiales","Clostridiales_Incertae Sedis XI","Anaerococcus"
"OTU1530","Bacteria","Verrucomicrobia","unclassified_""Verrucomicrobia""","unclassified_""Verrucomicrobia""","unclassified_""Verrucomicrobia""","unclassified_""Verrucomicrobia"""
"OTU325","Bacteria","Actinobacteria","Actinobacteria","Actinomycetales","Corynebacteriaceae","Corynebacterium"
"OTU1316","Bacteria","Actinobacteria","Actinobacteria","Actinomycetales","Corynebacteriaceae","Corynebacterium"
"OTU1557","Bacteria","Proteobacteria","Betaproteobacteria","Burkholderiales","Burkholderiaceae","Pandoraea"
"OTU267","Bacteria","Proteobacteria","Alphaproteobacteria","Rhizobiales","Methylobacteriaceae","Methylobacterium"
"OTU137","Bacteria","Actinobacteria","Actinobacteria","Actinomycetales","unclassified_Actinomycetales","unclassified_Actinomycetales"
"OTU1418","Bacteria","Proteobacteria","Alphaproteobacteria","Rhodobacterales","Rhodobacteraceae","Rubellimicrobium"
"OTU39","Bacteria","Proteobacteria","Betaproteobacteria","Burkholderiales","Comamonadaceae","Comamonas"
"OTU36","Bacteria","Firmicutes","Bacilli","Lactobacillales","Streptococcaceae","Streptococcus"
"OTU303","Bacteria","Fusobacteria","Fusobacteriia","Fusobacteriales","Leptotrichiaceae","Leptotrichia"
"OTU1756","Bacteria","Firmicutes","Bacilli","Bacillales","Staphylococcaceae","Staphylococcus"
"OTU620","Bacteria","Firmicutes","Clostridia","Clostridiales","Clostridiales_Incertae Sedis XI","Anaerococcus"
"OTU1537","Bacteria","Actinobacteria","Actinobacteria","Actinomycetales","unclassified_Actinomycetales","unclassified_Actinomycetales"
"OTU57","Bacteria","Actinobacteria","Actinobacteria","Actinomycetales","Corynebacteriaceae","Corynebacterium"
"OTU47","Bacteria","Firmicutes","Clostridia","Clostridiales","Clostridiales_Incertae Sedis XI","Anaerococcus"
"OTU3","Bacteria","Proteobacteria","Gammaproteobacteria","Pseudomonadales","Pseudomonadaceae","Pseudomonas"
"OTU464","Bacteria","Proteobacteria","Betaproteobacteria","Burkholderiales","Oxalobacteraceae","Massilia"
"OTU888","Bacteria","Candidatus Saccharibacteria","unclassified_Candidatus Saccharibacteria","unclassified_Candidatus Saccharibacteria","unclassified_Candidatus Saccharibacteria","Saccharibacteria_genera_incertae_sedis"
"OTU269","Bacteria","Proteobacteria","Gammaproteobacteria","Oceanospirillales","Alcanivoracaceae","Alcanivorax"
"OTU967","Bacteria","Actinobacteria","Actinobacteria","Actinomycetales","Pseudonocardiaceae","Pseudonocardia"
"OTU128","Bacteria","Proteobacteria","Betaproteobacteria","Burkholderiales","Oxalobacteraceae","unclassified_Oxalobacteraceae"
"OTU963","Bacteria","Bacteroidetes","Flavobacteriia","Flavobacteriales","Flavobacteriaceae","unclassified_Flavobacteriaceae"
"OTU1983","Bacteria","Firmicutes","Bacilli","Bacillales","Staphylococcaceae","Staphylococcus"
"OTU557","Bacteria","Firmicutes","Erysipelotrichia","Erysipelotrichales","Erysipelotrichaceae","Turicibacter"
"OTU1037","Bacteria","Proteobacteria","Gammaproteobacteria","Pasteurellales","Pasteurellaceae","Haemophilus"
"OTU1984","Bacteria","Actinobacteria","Actinobacteria","Actinomycetales","Corynebacteriaceae","Corynebacterium"
"OTU168","Bacteria","Bacteroidetes","Bacteroidia","Bacteroidales","Bacteroidaceae","Bacteroides"
"OTU448","Bacteria","Proteobacteria","Alphaproteobacteria","Rhodobacterales","Rhodobacteraceae","Paracoccus"
"OTU628","Bacteria","Proteobacteria","unclassified_""Proteobacteria""","unclassified_""Proteobacteria""","unclassified_""Proteobacteria""","unclassified_""Proteobacteria"""
"OTU211","Bacteria","Proteobacteria","Betaproteobacteria","Burkholderiales","Comamonadaceae","Limnohabitans"
"OTU67","Bacteria","Proteobacteria","Alphaproteobacteria","Sphingomonadales","Sphingomonadaceae","Sphingomonas"
"OTU89","Bacteria","Actinobacteria","Actinobacteria","Actinomycetales","Microbacteriaceae","Plantibacter"
"OTU1141","Bacteria","Bacteroidetes","Bacteroidia","Bacteroidales","Prevotellaceae","Prevotella"
"OTU853","Bacteria","Actinobacteria","Actinobacteria","Actinomycetales","Corynebacteriaceae","Corynebacterium"
"OTU1945","Bacteria","Firmicutes","Bacilli","Bacillales","Staphylococcaceae","Staphylococcus"
"OTU225","Bacteria","Bacteroidetes","Bacteroidia","Bacteroidales","Prevotellaceae","unclassified_""Prevotellaceae"""
"OTU216","Bacteria","Proteobacteria","Betaproteobacteria","Neisseriales","Neisseriaceae","unclassified_Neisseriaceae"
"OTU102","Bacteria","Firmicutes","Clostridia","Clostridiales","Clostridiales_Incertae Sedis XI","Finegoldia"
"OTU2","Bacteria","Bacteroidetes","Flavobacteriia","Flavobacteriales","Flavobacteriaceae","Imtechella"
"OTU38","Bacteria","Actinobacteria","Actinobacteria","Actinomycetales","Actinomycetaceae","Actinomyces"
"OTU1865","Bacteria","Proteobacteria","Alphaproteobacteria","Rhodospirillales","Rhodospirillaceae","Skermanella"
"OTU25","Bacteria","Actinobacteria","Actinobacteria","Actinomycetales","Micrococcaceae","Micrococcus"
"OTU523","Bacteria","Actinobacteria","Actinobacteria","Actinomycetales","Microbacteriaceae","Curtobacterium"
"OTU16","Bacteria","Actinobacteria","Actinobacteria","Actinomycetales","Corynebacteriaceae","Corynebacterium"
"OTU19","Bacteria","Proteobacteria","Alphaproteobacteria","Sphingomonadales","Sphingomonadaceae","Sphingomonas"
"OTU915","Bacteria","Actinobacteria","Actinobacteria","Actinomycetales","Actinomycetaceae","Actinomyces"
"OTU428","Bacteria","Proteobacteria","Alphaproteobacteria","Caulobacterales","Caulobacteraceae","Caulobacter"
"OTU1226","Bacteria","Proteobacteria","Betaproteobacteria","Burkholderiales","Oxalobacteraceae","Massilia"
"OTU1738","Bacteria","Proteobacteria","Betaproteobacteria","Burkholderiales","Oxalobacteraceae","Massilia"
"OTU1924","Bacteria","Actinobacteria","Actinobacteria","Actinomycetales","Propionibacteriaceae","Propionibacterium"
"OTU146","Bacteria","Firmicutes","Bacilli","Bacillales","Staphylococcaceae","Staphylococcus"
"OTU85","Bacteria","Actinobacteria","Actinobacteria","Actinomycetales","Micrococcaceae","Micrococcus"
"OTU97","Bacteria","Proteobacteria","Betaproteobacteria","Hydrogenophilales","Hydrogenophilaceae","Hydrogenophilus"
"OTU454","Bacteria","Deinococcus-Thermus","Deinococci","Thermales","Thermaceae","Thermus"
"OTU34","Bacteria","Firmicutes","Clostridia","Clostridiales","Clostridiales_Incertae Sedis XI","Anaerococcus"
"OTU103","Bacteria","Actinobacteria","Actinobacteria","Actinomycetales","Mycobacteriaceae","Mycobacterium"
"OTU233","Bacteria","Proteobacteria","Betaproteobacteria","Neisseriales","Neisseriaceae","unclassified_Neisseriaceae"
"OTU40","Bacteria","Firmicutes","Clostridia","Clostridiales","Clostridiales_Incertae Sedis XI","Anaerococcus"
"OTU615","Bacteria","unclassified_Bacteria","unclassified_Bacteria","unclassified_Bacteria","unclassified_Bacteria","unclassified_Bacteria"
"OTU865","Bacteria","Firmicutes","Clostridia","Clostridiales","Ruminococcaceae","unclassified_Ruminococcaceae"
"OTU1614","Bacteria","Firmicutes","Clostridia","Clostridiales","Peptoniphilaceae","Peptoniphilus"
"OTU897","Bacteria","Proteobacteria","Betaproteobacteria","Neisseriales","Neisseriaceae","Neisseria"
"OTU37","Bacteria","Actinobacteria","Actinobacteria","Actinomycetales","Dermabacteraceae","Dermabacter"
"OTU194","Bacteria","Fusobacteria","Fusobacteriia","Fusobacteriales","Fusobacteriaceae","Fusobacterium"
"OTU824","Bacteria","Proteobacteria","Betaproteobacteria","Burkholderiales","Oxalobacteraceae","Massilia"
"OTU633","Bacteria","Firmicutes","Erysipelotrichia","Erysipelotrichales","Erysipelotrichaceae","Clostridium XVIII"
"OTU78","Bacteria","Proteobacteria","Betaproteobacteria","Burkholderiales","Comamonadaceae","Comamonas"
"OTU397","Bacteria","Proteobacteria","Betaproteobacteria","Burkholderiales","Alcaligenaceae","Alcaligenes"
"OTU200","Bacteria","Bacteroidetes","Bacteroidia","Bacteroidales","Prevotellaceae","Prevotella"
"OTU661","Bacteria","Proteobacteria","Betaproteobacteria","Burkholderiales","Alcaligenaceae","unclassified_Alcaligenaceae"
"OTU569","Bacteria","Firmicutes","Clostridia","Clostridiales","Clostridiales_Incertae Sedis XI","Anaerococcus"
"OTU1065","Bacteria","Proteobacteria","Gammaproteobacteria","Xanthomonadales","Xanthomonadaceae","Luteimonas"
"OTU617","Bacteria","Bacteroidetes","Bacteroidia","Bacteroidales","Prevotellaceae","Prevotella"
"OTU131","Bacteria","Proteobacteria","Betaproteobacteria","Rhodocyclales","Rhodocyclaceae","Dechloromonas"
"OTU1321","Bacteria","Firmicutes","Clostridia","Clostridiales","Ruminococcaceae","Clostridium IV"
"OTU1326","Bacteria","Proteobacteria","Gammaproteobacteria","Pasteurellales","Pasteurellaceae","Haemophilus"
"OTU150","Bacteria","Firmicutes","Negativicutes","Selenomonadales","Veillonellaceae","Veillonella"
"OTU241","Bacteria","Firmicutes","Clostridia","Clostridiales","Lachnospiraceae","Dorea"
"OTU204","Bacteria","Actinobacteria","Actinobacteria","Actinomycetales","Dermacoccaceae","Dermacoccus"
"OTU1405","Bacteria","Proteobacteria","Betaproteobacteria","Burkholderiales","Burkholderiales_incertae_sedis","Tepidimonas"
"OTU845","Bacteria","Proteobacteria","Gammaproteobacteria","Pasteurellales","Pasteurellaceae","Aggregatibacter"
"OTU859","Bacteria","Proteobacteria","Betaproteobacteria","Burkholderiales","Burkholderiales_incertae_sedis","unclassified_Burkholderiales_incertae_sedis"
"OTU107","Bacteria","Firmicutes","Bacilli","Lactobacillales","Streptococcaceae","Streptococcus"
"OTU310","Bacteria","Proteobacteria","Alphaproteobacteria","Rhodospirillales","unclassified_Rhodospirillales","Reyranella"
"OTU429","Bacteria","Proteobacteria","Gammaproteobacteria","Enterobacteriales","Enterobacteriaceae","Proteus"
"OTU1814","Bacteria","Proteobacteria","Gammaproteobacteria","Aeromonadales","Aeromonadaceae","unclassified_Aeromonadaceae"
"OTU1445","Bacteria","Actinobacteria","Actinobacteria","Actinomycetales","Intrasporangiaceae","Knoellia"
"OTU134","Bacteria","Proteobacteria","Gammaproteobacteria","Enterobacteriales","Enterobacteriaceae","unclassified_Enterobacteriaceae"
"OTU307","Bacteria","Proteobacteria","Gammaproteobacteria","Pseudomonadales","Pseudomonadaceae","Pseudomonas"
"OTU1402","Bacteria","Proteobacteria","Gammaproteobacteria","Enterobacteriales","Enterobacteriaceae","Tatumella"
"OTU985","Bacteria","Proteobacteria","Gammaproteobacteria","Enterobacteriales","Enterobacteriaceae","Morganella"
"OTU548","Bacteria","Proteobacteria","Betaproteobacteria","Burkholderiales","Comamonadaceae","Rhodoferax"
"OTU1981","Bacteria","Firmicutes","Bacilli","Bacillales","Staphylococcaceae","Staphylococcus"
"OTU46","Bacteria","Firmicutes","Clostridia","Clostridiales","Clostridiales_Incertae Sedis XI","Anaerococcus"
"OTU61","Bacteria","Bacteroidetes","Sphingobacteriia","Sphingobacteriales","Chitinophagaceae","Asinibacterium"
"OTU66","Bacteria","Actinobacteria","Actinobacteria","Actinomycetales","Brevibacteriaceae","Brevibacterium"
"OTU511","Bacteria","Proteobacteria","Alphaproteobacteria","Rhizobiales","Bradyrhizobiaceae","unclassified_Bradyrhizobiaceae"
"OTU1430","Bacteria","Firmicutes","Bacilli","Bacillales","Bacillaceae 1","Bacillus"
"OTU49","Bacteria","Proteobacteria","Alphaproteobacteria","Sphingomonadales","Sphingomonadaceae","Sphingobium"
"OTU181","Bacteria","Firmicutes","Bacilli","Lactobacillales","Streptococcaceae","Lactococcus"
"OTU750","Bacteria","Firmicutes","Clostridia","Clostridiales","Lachnospiraceae","Clostridium XlVa"
"OTU270","Bacteria","Actinobacteria","Actinobacteria","Actinomycetales","Dermabacteraceae","Brachybacterium"
"OTU1119","Bacteria","Bacteroidetes","Bacteroidia","Bacteroidales","Bacteroidaceae","Bacteroides"
"OTU400","Bacteria","Bacteroidetes","Bacteroidia","Bacteroidales","Prevotellaceae","Prevotella"
"OTU1381","Bacteria","Firmicutes","Bacilli","Lactobacillales","Streptococcaceae","Streptococcus"
"OTU444","Bacteria","Actinobacteria","Actinobacteria","Actinomycetales","Actinomycetaceae","Actinomyces"
"OTU257","Bacteria","Actinobacteria","Actinobacteria","Actinomycetales","Micrococcaceae","Rothia"
"OTU353","Bacteria","Fusobacteria","Fusobacteriia","Fusobacteriales","Leptotrichiaceae","Leptotrichia"
"OTU442","Bacteria","Actinobacteria","Actinobacteria","Actinomycetales","Nocardiaceae","Gordonia"
"OTU119","Bacteria","Proteobacteria","Gammaproteobacteria","Pseudomonadales","Moraxellaceae","Acinetobacter"
"OTU1218","Bacteria","Firmicutes","Clostridia","Clostridiales","Lachnospiraceae","unclassified_Lachnospiraceae"
"OTU857","Bacteria","Actinobacteria","Actinobacteria","Actinomycetales","Microbacteriaceae","Frigoribacterium"
"OTU1864","Bacteria","Acidobacteria","Acidobacteria_Gp6","unclassified_Acidobacteria_Gp6","unclassified_Acidobacteria_Gp6","Gp6"
"OTU813","Bacteria","Firmicutes","Bacilli","Bacillales","Bacillaceae 1","Bacillus"
"OTU296","Bacteria","Actinobacteria","Actinobacteria","Actinomycetales","Corynebacteriaceae","Corynebacterium"
"OTU1712","Bacteria","Firmicutes","Clostridia","Clostridiales","unclassified_Clostridiales","unclassified_Clostridiales"
"OTU159","Bacteria","Firmicutes","Clostridia","Clostridiales","Ruminococcaceae","unclassified_Ruminococcaceae"
"OTU1370","Bacteria","Gemmatimonadetes","Gemmatimonadetes","Gemmatimonadales","Gemmatimonadaceae","Gemmatimonas"
"OTU173","Bacteria","unclassified_Bacteria","unclassified_Bacteria","unclassified_Bacteria","unclassified_Bacteria","unclassified_Bacteria"
"OTU76","Bacteria","Actinobacteria","Actinobacteria","Actinomycetales","unclassified_Actinomycetales","unclassified_Actinomycetales"
"OTU1605","Bacteria","Actinobacteria","Actinobacteria","Actinomycetales","Cellulomonadaceae","Cellulomonas"
"OTU1556","Bacteria","Actinobacteria","Actinobacteria","Actinomycetales","Micromonosporaceae","unclassified_Micromonosporaceae"
"OTU277","Bacteria","Firmicutes","Clostridia","Clostridiales","Ruminococcaceae","Ruminococcus"
"OTU308","Bacteria","Proteobacteria","Gammaproteobacteria","Xanthomonadales","Xanthomonadaceae","Vulcaniibacterium"
"OTU126","Bacteria","Proteobacteria","Betaproteobacteria","Burkholderiales","Comamonadaceae","Hydrogenophaga"
"OTU1282","Bacteria","Proteobacteria","Alphaproteobacteria","unclassified_Alphaproteobacteria","unclassified_Alphaproteobacteria","unclassified_Alphaproteobacteria"
"OTU70","Bacteria","Proteobacteria","Gammaproteobacteria","Xanthomonadales","Xanthomonadaceae","Xanthomonas"
"OTU602","Bacteria","Bacteroidetes","Bacteroidia","Bacteroidales","Bacteroidaceae","Bacteroides"
"OTU338","Bacteria","Proteobacteria","Betaproteobacteria","Burkholderiales","Burkholderiales_incertae_sedis","Aquabacterium"
"OTU1733","Bacteria","Proteobacteria","Gammaproteobacteria","Pasteurellales","Pasteurellaceae","Haemophilus"
"OTU298","Bacteria","Actinobacteria","Actinobacteria","Coriobacteriales","Coriobacteriaceae","Collinsella"
"OTU279","Bacteria","Proteobacteria","Gammaproteobacteria","Pseudomonadales","Pseudomonadaceae","Pseudomonas"
"OTU1853","Bacteria","Proteobacteria","Gammaproteobacteria","Pseudomonadales","Moraxellaceae","Moraxella"
"OTU81","Bacteria","Bacteroidetes","Bacteroidia","Bacteroidales","Prevotellaceae","Prevotella"
"OTU263","Bacteria","Firmicutes","Clostridia","Clostridiales","Peptostreptococcaceae","unclassified_Peptostreptococcaceae"
"OTU1934","Bacteria","Actinobacteria","Actinobacteria","Actinomycetales","Corynebacteriaceae","Corynebacterium"
"OTU1322","Bacteria","Proteobacteria","Gammaproteobacteria","Pseudomonadales","Pseudomonadaceae","unclassified_Pseudomonadaceae"
"OTU154","Bacteria","Actinobacteria","Actinobacteria","Actinomycetales","Propionibacteriaceae","Propionibacterium"
"OTU112","Bacteria","Firmicutes","Clostridia","Clostridiales","Lachnospiraceae","Roseburia"
"OTU575","Bacteria","Firmicutes","Clostridia","Clostridiales","Lachnospiraceae","Blautia"
"OTU157","Bacteria","Firmicutes","Clostridia","Clostridiales","Ruminococcaceae","Faecalibacterium"
"OTU247","Bacteria","Bacteroidetes","Bacteroidia","Bacteroidales","Prevotellaceae","Prevotella"
"OTU189","Bacteria","Firmicutes","Clostridia","Clostridiales","Ruminococcaceae","unclassified_Ruminococcaceae"
"OTU234","Bacteria","Proteobacteria","Betaproteobacteria","Burkholderiales","Sutterellaceae","Sutterella"
"OTU64","Bacteria","Firmicutes","Clostridia","Clostridiales","Lachnospiraceae","Lachnospiracea_incertae_sedis"
"OTU757","Bacteria","Firmicutes","Clostridia","Clostridiales","Ruminococcaceae","unclassified_Ruminococcaceae"
"OTU180","Bacteria","Firmicutes","Erysipelotrichia","Erysipelotrichales","Erysipelotrichaceae","unclassified_Erysipelotrichaceae"
"OTU1644","Bacteria","Firmicutes","Negativicutes","Selenomonadales","Veillonellaceae","Veillonella"
"OTU141","Bacteria","Proteobacteria","Gammaproteobacteria","Pseudomonadales","Moraxellaceae","Enhydrobacter"
"OTU417","Bacteria","Firmicutes","Clostridia","Clostridiales","Lachnospiraceae","unclassified_Lachnospiraceae"
"OTU333","Bacteria","Firmicutes","Clostridia","Clostridiales","Lachnospiraceae","unclassified_Lachnospiraceae"
"OTU701","Bacteria","Firmicutes","Clostridia","Clostridiales","unclassified_Clostridiales","unclassified_Clostridiales"
"OTU914","Bacteria","Firmicutes","Bacilli","Bacillales","Paenibacillaceae 1","Paenibacillus"
"OTU556","Bacteria","Firmicutes","Clostridia","Clostridiales","Lachnospiraceae","Coprococcus"
"OTU284","Bacteria","Firmicutes","Clostridia","Clostridiales","Ruminococcaceae","unclassified_Ruminococcaceae"
"OTU420","Bacteria","Bacteroidetes","Bacteroidia","Bacteroidales","Rikenellaceae","Alistipes"
"OTU370","Bacteria","Firmicutes","Clostridia","Clostridiales","Lachnospiraceae","unclassified_Lachnospiraceae"
"OTU345","Bacteria","Firmicutes","Clostridia","Clostridiales","Lachnospiraceae","Lachnospiracea_incertae_sedis"
"OTU1848","Bacteria","Actinobacteria","Actinobacteria","Actinomycetales","Corynebacteriaceae","Corynebacterium"
"OTU776","Bacteria","Firmicutes","Clostridia","Clostridiales","Clostridiales_Incertae Sedis XI","Anaerococcus"
"OTU165","Bacteria","Actinobacteria","Actinobacteria","Actinomycetales","Corynebacteriaceae","Corynebacterium"
"OTU385","Bacteria","Proteobacteria","Betaproteobacteria","Burkholderiales","Comamonadaceae","Limnohabitans"
"OTU740","Bacteria","Actinobacteria","Actinobacteria","Actinomycetales","Actinomycetaceae","Actinomyces"
"OTU380","Bacteria","Bacteroidetes","Bacteroidia","Bacteroidales","Prevotellaceae","Prevotella"
"OTU105","Bacteria","Actinobacteria","Actinobacteria","Actinomycetales","Corynebacteriaceae","Corynebacterium"
"OTU1502","Bacteria","Bacteroidetes","Cytophagia","Cytophagales","Cytophagaceae","Dyadobacter"
"OTU1523","Bacteria","Proteobacteria","Betaproteobacteria","Burkholderiales","Comamonadaceae","unclassified_Comamonadaceae"
"OTU322","Bacteria","Proteobacteria","Betaproteobacteria","Neisseriales","Neisseriaceae","Neisseria"
"OTU1235","Bacteria","Bacteroidetes","Flavobacteriia","Flavobacteriales","Flavobacteriaceae","Flavobacterium"
"OTU320","Bacteria","Proteobacteria","Deltaproteobacteria","Myxococcales","Labilitrichaceae","Labilithrix"
"OTU183","Bacteria","Actinobacteria","Actinobacteria","Actinomycetales","Mycobacteriaceae","Mycobacterium"
"OTU719","Bacteria","Firmicutes","Clostridia","Clostridiales","Lachnospiraceae","Johnsonella"
"OTU120","Bacteria","Actinobacteria","Actinobacteria","Actinomycetales","Corynebacteriaceae","Corynebacterium"
"OTU1103","Bacteria","Proteobacteria","Alphaproteobacteria","Sphingomonadales","unclassified_Sphingomonadales","unclassified_Sphingomonadales"
"OTU792","Bacteria","Bacteroidetes","Flavobacteriia","Flavobacteriales","Flavobacteriaceae","Chryseobacterium"
"OTU68","Bacteria","Proteobacteria","Epsilonproteobacteria","Campylobacterales","Campylobacteraceae","Campylobacter"
"OTU172","Bacteria","Proteobacteria","Betaproteobacteria","Burkholderiales","Burkholderiaceae","Cupriavidus"
"OTU1190","Bacteria","Bacteroidetes","Cytophagia","Cytophagales","Cyclobacteriaceae","Algoriphagus"
"OTU218","Bacteria","Deinococcus-Thermus","Deinococci","Thermales","Thermaceae","Thermus"
"OTU210","Bacteria","Firmicutes","Clostridia","Clostridiales","Ruminococcaceae","Faecalibacterium"
"OTU114","Bacteria","Firmicutes","Bacilli","Lactobacillales","Streptococcaceae","Streptococcus"
"OTU220","Bacteria","Firmicutes","Clostridia","Clostridiales","Clostridiales_Incertae Sedis XI","Anaerococcus"
"OTU124","Bacteria","Firmicutes","Bacilli","Lactobacillales","Lactobacillaceae","Lactobacillus"
"OTU1792","Bacteria","Fusobacteria","Fusobacteriia","Fusobacteriales","Fusobacteriaceae","Fusobacterium"
"OTU1854","Bacteria","Actinobacteria","Actinobacteria","Actinomycetales","Microbacteriaceae","unclassified_Microbacteriaceae"
"OTU1272","Bacteria","Proteobacteria","Alphaproteobacteria","Sphingomonadales","Sphingomonadaceae","Sphingomonas"
"OTU1131","Bacteria","Firmicutes","Clostridia","Clostridiales","Ruminococcaceae","unclassified_Ruminococcaceae"
"OTU1332","Bacteria","Bacteroidetes","Bacteroidia","Bacteroidales","Prevotellaceae","Prevotella"
"OTU69","Bacteria","Firmicutes","Clostridia","Clostridiales","Peptoniphilaceae","Peptoniphilus"
"OTU1009","Bacteria","Bacteroidetes","Sphingobacteriia","Sphingobacteriales","Sphingobacteriaceae","Pedobacter"
"OTU1021","Bacteria","Proteobacteria","Alphaproteobacteria","Sphingomonadales","Sphingomonadaceae","unclassified_Sphingomonadaceae"
"OTU381","Bacteria","Firmicutes","Bacilli","Bacillales","Staphylococcaceae","Jeotgalicoccus"
"OTU1082","Bacteria","Bacteroidetes","Sphingobacteriia","Sphingobacteriales","Sphingobacteriaceae","Solitalea"
"OTU1369","Bacteria","Actinobacteria","Actinobacteria","Coriobacteriales","Coriobacteriaceae","Collinsella"
"OTU1143","Bacteria","Bacteroidetes","Flavobacteriia","Flavobacteriales","Flavobacteriaceae","Flavobacterium"
"OTU461","Bacteria","Bacteroidetes","Bacteroidia","Bacteroidales","Prevotellaceae","Prevotella"
"OTU1324","Bacteria","Actinobacteria","Actinobacteria","unclassified_Actinobacteria","unclassified_Actinobacteria","unclassified_Actinobacteria"
"OTU313","Bacteria","Actinobacteria","Actinobacteria","Actinomycetales","Propionibacteriaceae","Propionimicrobium"
"OTU1873","Bacteria","Proteobacteria","Gammaproteobacteria","Oceanospirillales","Halomonadaceae","Halomonas"
"OTU1607","Bacteria","Proteobacteria","Gammaproteobacteria","Pasteurellales","Pasteurellaceae","Haemophilus"
"OTU912","Bacteria","Proteobacteria","Alphaproteobacteria","unclassified_Alphaproteobacteria","SAR11.00","Candidatus Pelagibacter"
"OTU54","Bacteria","Actinobacteria","Actinobacteria","Actinomycetales","Corynebacteriaceae","Corynebacterium"
"OTU2016","Bacteria","Actinobacteria","Actinobacteria","Actinomycetales","Propionibacteriaceae","Propionibacterium"
"OTU1891","Bacteria","Actinobacteria","Actinobacteria","Actinomycetales","Corynebacteriaceae","Corynebacterium"
"OTU438","Bacteria","Actinobacteria","Actinobacteria","Actinomycetales","unclassified_Actinomycetales","unclassified_Actinomycetales"
"OTU149","Bacteria","Proteobacteria","Alphaproteobacteria","Rhizobiales","Methylobacteriaceae","Methylobacterium"
"OTU1933","Bacteria","Firmicutes","Bacilli","Lactobacillales","Streptococcaceae","Streptococcus"
"OTU504","Bacteria","Bacteroidetes","Bacteroidia","Bacteroidales","Prevotellaceae","Alloprevotella"
"OTU83","Bacteria","Firmicutes","Clostridia","Clostridiales","Clostridiales_Incertae Sedis XI","Anaerococcus"
"OTU1495","Bacteria","Firmicutes","Bacilli","Lactobacillales","Carnobacteriaceae","Carnobacterium"
"OTU1505","Bacteria","Bacteroidetes","Bacteroidia","Bacteroidales","Porphyromonadaceae","unclassified_""Porphyromonadaceae"""
"OTU1684","Bacteria","Bacteroidetes","Flavobacteriia","Flavobacteriales","Cryomorphaceae","unclassified_Cryomorphaceae"
"OTU73","Bacteria","Firmicutes","Clostridia","Clostridiales","Clostridiales_Incertae Sedis XI","Anaerococcus"
"OTU1384","Bacteria","Bacteroidetes","Flavobacteriia","Flavobacteriales","Flavobacteriaceae","Flavobacterium"
"OTU60","Bacteria","Actinobacteria","Actinobacteria","Actinomycetales","Corynebacteriaceae","Corynebacterium"
"OTU1365","Bacteria","Actinobacteria","Actinobacteria","Actinomycetales","Brevibacteriaceae","Brevibacterium"
"OTU195","Bacteria","Firmicutes","Bacilli","Bacillales","Bacillales_Incertae Sedis XI","Gemella"
"OTU1796","Bacteria","Bacteroidetes","Bacteroidia","Bacteroidales","Prevotellaceae","Prevotella"
"OTU1267","Bacteria","Actinobacteria","Actinobacteria","Coriobacteriales","Coriobacteriaceae","Olsenella"
"OTU876","Bacteria","Proteobacteria","Betaproteobacteria","Burkholderiales","Burkholderiales_incertae_sedis","Tepidimonas"
"OTU878","Bacteria","Bacteroidetes","Bacteroidia","Bacteroidales","unclassified_""Bacteroidales""","unclassified_""Bacteroidales"""
"OTU1195","Bacteria","Actinobacteria","Actinobacteria","Actinomycetales","Propionibacteriaceae","Friedmanniella"
"OTU1248","Bacteria","Bacteroidetes","Bacteroidia","Bacteroidales","Porphyromonadaceae","unclassified_""Porphyromonadaceae"""
"OTU1572","Bacteria","Proteobacteria","Alphaproteobacteria","Rhodospirillales","Acetobacteraceae","Craurococcus"
"OTU171","Bacteria","Actinobacteria","Actinobacteria","Actinomycetales","Actinomycetaceae","Actinomyces"
"OTU357","Bacteria","Actinobacteria","Actinobacteria","Actinomycetales","Corynebacteriaceae","Corynebacterium"
"OTU416","Bacteria","Proteobacteria","Betaproteobacteria","Burkholderiales","Comamonadaceae","Polaromonas"
"OTU1592","Bacteria","Firmicutes","Clostridia","Clostridiales","Ruminococcaceae","unclassified_Ruminococcaceae"
"OTU1327","Bacteria","Proteobacteria","Betaproteobacteria","Burkholderiales","Comamonadaceae","Limnohabitans"
"OTU920","Bacteria","Actinobacteria","Actinobacteria","Actinomycetales","Nocardiopsaceae","Nocardiopsis"
"OTU129","Bacteria","Bacteroidetes","Flavobacteriia","Flavobacteriales","Flavobacteriaceae","Flavobacterium"
"OTU457","Bacteria","Proteobacteria","Alphaproteobacteria","Sphingomonadales","Sphingomonadaceae","Sphingomonas"
"OTU236","Bacteria","Firmicutes","Clostridia","Clostridiales","Clostridiales_Incertae Sedis XI","Anaerococcus"
"OTU1648","Bacteria","Bacteroidetes","Cytophagia","Cytophagales","Cytophagaceae","Hymenobacter"
"OTU1786","Bacteria","Actinobacteria","Actinobacteria","Actinomycetales","Actinomycetaceae","Actinomyces"
"OTU721","Bacteria","Bacteroidetes","Flavobacteriia","Flavobacteriales","Flavobacteriaceae","Flavobacterium"
"OTU1076","Bacteria","Actinobacteria","Actinobacteria","Actinomycetales","Actinomycetaceae","Actinomyces"
"OTU1463","Bacteria","Proteobacteria","Alphaproteobacteria","Rhizobiales","Methylobacteriaceae","Microvirga"
"OTU510","Bacteria","Actinobacteria","Actinobacteria","Actinomycetales","Microbacteriaceae","Rhodoluna"
"OTU560","Bacteria","Bacteroidetes","Bacteroidia","Bacteroidales","Prevotellaceae","Prevotella"
"OTU1955","Bacteria","Firmicutes","Bacilli","Lactobacillales","Streptococcaceae","Streptococcus"
"OTU860","Bacteria","Bacteroidetes","Flavobacteriia","Flavobacteriales","Flavobacteriaceae","Flavobacterium"
"OTU109","Bacteria","unclassified_Bacteria","unclassified_Bacteria","unclassified_Bacteria","unclassified_Bacteria","unclassified_Bacteria"
"OTU1820","Bacteria","Bacteroidetes","Flavobacteriia","Flavobacteriales","Flavobacteriaceae","Flavobacterium"
"OTU155","Bacteria","Fusobacteria","Fusobacteriia","Fusobacteriales","Leptotrichiaceae","Leptotrichia"
"OTU467","Bacteria","Bacteroidetes","Cytophagia","Cytophagales","Cytophagaceae","unclassified_Cytophagaceae"
"OTU536","Bacteria","Proteobacteria","Alphaproteobacteria","Rhodospirillales","Rhodospirillaceae","Defluviicoccus"
"OTU207","Bacteria","Firmicutes","Clostridia","Clostridiales","unclassified_Clostridiales","unclassified_Clostridiales"
"OTU899","Bacteria","Bacteroidetes","Flavobacteriia","Flavobacteriales","Flavobacteriaceae","Chryseobacterium"
"OTU184","Bacteria","Proteobacteria","Betaproteobacteria","Rhodocyclales","Rhodocyclaceae","Zoogloea"
"OTU118","Bacteria","Proteobacteria","Alphaproteobacteria","Rhizobiales","Methylobacteriaceae","Methylobacterium"
"OTU1247","Bacteria","Bacteroidetes","Flavobacteriia","Flavobacteriales","Flavobacteriaceae","Chryseobacterium"
"OTU1171","Bacteria","Proteobacteria","Gammaproteobacteria","Oceanospirillales","Oceanospirillales_incertae_sedis","Pseudohongiella"
"OTU895","Bacteria","Proteobacteria","Betaproteobacteria","Rhodocyclales","Rhodocyclaceae","Dechloromonas"
"OTU237","Bacteria","Firmicutes","Clostridia","Clostridiales","unclassified_Clostridiales","unclassified_Clostridiales"
"OTU754","Bacteria","Candidatus Saccharibacteria","unclassified_Candidatus Saccharibacteria","unclassified_Candidatus Saccharibacteria","unclassified_Candidatus Saccharibacteria","Saccharibacteria_genera_incertae_sedis"
"OTU79","Bacteria","Actinobacteria","Actinobacteria","Actinomycetales","Micrococcaceae","Kocuria"
"OTU1068","Bacteria","Proteobacteria","Alphaproteobacteria","Sphingomonadales","Erythrobacteraceae","Porphyrobacter"
"OTU481","Bacteria","Actinobacteria","Actinobacteria","Actinomycetales","Corynebacteriaceae","Corynebacterium"
"OTU807","Bacteria","Actinobacteria","Actinobacteria","Actinomycetales","Actinomycetaceae","Varibaculum"
"OTU187","Bacteria","Actinobacteria","Actinobacteria","Actinomycetales","Corynebacteriaceae","Turicella"
"OTU1797","Bacteria","Bacteroidetes","Bacteroidia","Bacteroidales","Prevotellaceae","Paraprevotella"
"OTU122","Bacteria","Firmicutes","Bacilli","Lactobacillales","Lactobacillaceae","Lactobacillus"
"OTU1438","Bacteria","Actinobacteria","Actinobacteria","Euzebyales","Euzebyaceae","Euzebya"
"OTU1443","Bacteria","Acidobacteria","Holophagae","Holophagales","Holophagaceae","unclassified_Holophagaceae"
"OTU1494","Bacteria","Actinobacteria","Actinobacteria","Actinomycetales","unclassified_Actinomycetales","unclassified_Actinomycetales"
"OTU435","Bacteria","Proteobacteria","Alphaproteobacteria","Sphingomonadales","Sphingomonadaceae","Sphingobium"
"OTU135","Bacteria","Proteobacteria","Betaproteobacteria","Burkholderiales","Comamonadaceae","Schlegelella"
"OTU1700","Bacteria","Bacteroidetes","Flavobacteriia","Flavobacteriales","Flavobacteriaceae","unclassified_Flavobacteriaceae"
"OTU1709","Bacteria","Proteobacteria","Betaproteobacteria","Methylophilales","Methylophilaceae","Methylotenera"
"OTU328","Bacteria","Firmicutes","Clostridia","Clostridiales","Lachnospiraceae","unclassified_Lachnospiraceae"
"OTU1719","Bacteria","Actinobacteria","Actinobacteria","Actinomycetales","Mycobacteriaceae","Mycobacterium"
"OTU561","Bacteria","Actinobacteria","Actinobacteria","Actinomycetales","Actinomycetaceae","Flaviflexus"
"OTU746","Bacteria","Firmicutes","Bacilli","Bacillales","Bacillaceae 1","Bacillus"
"OTU1980","Bacteria","Bacteroidetes","Cytophagia","Cytophagales","Cytophagaceae","unclassified_Cytophagaceae"
"OTU365","Bacteria","Actinobacteria","Actinobacteria","Coriobacteriales","Coriobacteriaceae","unclassified_Coriobacteriaceae"
"OTU952","Bacteria","Firmicutes","Bacilli","Bacillales","Staphylococcaceae","Staphylococcus"
"OTU608","Bacteria","Proteobacteria","Gammaproteobacteria","Xanthomonadales","Xanthomonadaceae","Thermomonas"
"OTU449","Bacteria","Proteobacteria","Alphaproteobacteria","Rhizobiales","Methylocystaceae","Methylocystis"
"OTU35","Bacteria","Proteobacteria","Alphaproteobacteria","Rhodospirillales","Acetobacteraceae","Roseomonas"
"OTU50","Bacteria","Proteobacteria","Alphaproteobacteria","Sphingomonadales","Sphingomonadaceae","Sphingomonas"
"OTU214","Bacteria","Proteobacteria","Alphaproteobacteria","Sphingomonadales","Sphingomonadaceae","Sphingomonas"
"OTU363","Bacteria","Firmicutes","Clostridia","Clostridiales","Ruminococcaceae","Clostridium IV"
"OTU1838","Bacteria","Proteobacteria","Alphaproteobacteria","Sphingomonadales","Sphingomonadaceae","Sphingomonas"
"OTU1721","Bacteria","Proteobacteria","Alphaproteobacteria","Sphingomonadales","Sphingomonadaceae","Sphingomonas"
"OTU939","Bacteria","Firmicutes","Bacilli","Lactobacillales","Streptococcaceae","Streptococcus"
"OTU201","Bacteria","Actinobacteria","Actinobacteria","Actinomycetales","Corynebacteriaceae","Corynebacterium"
"OTU1379","Bacteria","Actinobacteria","Actinobacteria","Actinomycetales","Microbacteriaceae","Curtobacterium"
"OTU169","Bacteria","Actinobacteria","Actinobacteria","Actinomycetales","Corynebacteriaceae","Corynebacterium"
"OTU384","Bacteria","Firmicutes","Clostridia","Clostridiales","Peptostreptococcaceae","Romboutsia"
"OTU500","Bacteria","Proteobacteria","Betaproteobacteria","Burkholderiales","Comamonadaceae","unclassified_Comamonadaceae"
"OTU1061","Bacteria","Proteobacteria","Betaproteobacteria","unclassified_Betaproteobacteria","unclassified_Betaproteobacteria","unclassified_Betaproteobacteria"
"OTU613","Bacteria","Proteobacteria","Gammaproteobacteria","Enterobacteriales","Enterobacteriaceae","Pantoea"
"OTU20","Bacteria","Proteobacteria","Gammaproteobacteria","Xanthomonadales","Xanthomonadaceae","Stenotrophomonas"
"OTU926","Bacteria","Proteobacteria","Betaproteobacteria","Methylophilales","Methylophilaceae","Methylotenera"
"OTU1072","Bacteria","Firmicutes","Clostridia","Clostridiales","Lachnospiraceae","unclassified_Lachnospiraceae"
"OTU1871","Bacteria","Actinobacteria","Actinobacteria","Actinomycetales","Dermabacteraceae","Brachybacterium"
"OTU1025","Bacteria","Actinobacteria","Actinobacteria","Actinomycetales","Nocardiaceae","Rhodococcus"
"OTU424","Bacteria","Actinobacteria","Actinobacteria","Actinomycetales","Dermabacteraceae","Brachybacterium"
"OTU1153","Bacteria","Proteobacteria","Betaproteobacteria","Burkholderiales","Comamonadaceae","Extensimonas"
"OTU462","Bacteria","Proteobacteria","Alphaproteobacteria","Rhodospirillales","Rhodospirillaceae","Skermanella"
"OTU434","Bacteria","Firmicutes","Clostridia","Clostridiales","Lachnospiraceae","Lachnospiracea_incertae_sedis"
"OTU1262","Bacteria","Proteobacteria","Gammaproteobacteria","Xanthomonadales","Xanthomonadaceae","Arenimonas"
"OTU1216","Bacteria","Proteobacteria","Alphaproteobacteria","Sphingomonadales","Sphingomonadaceae","Sphingobium"
"OTU1949","Bacteria","Firmicutes","Bacilli","Lactobacillales","Streptococcaceae","Streptococcus"
"OTU1080","Bacteria","Actinobacteria","Actinobacteria","Actinomycetales","Streptomycetaceae","Streptomyces"
"OTU1140","Bacteria","Actinobacteria","Actinobacteria","Actinomycetales","unclassified_Actinomycetales","unclassified_Actinomycetales"
"OTU301","Bacteria","Proteobacteria","Betaproteobacteria","Neisseriales","Neisseriaceae","Kingella"
"OTU1287","Bacteria","Proteobacteria","Betaproteobacteria","Burkholderiales","Comamonadaceae","Variovorax"
"OTU224","Bacteria","Proteobacteria","Alphaproteobacteria","Caulobacterales","Caulobacteraceae","Brevundimonas"
"OTU136","Bacteria","Proteobacteria","Gammaproteobacteria","Enterobacteriales","Enterobacteriaceae","Klebsiella"
"OTU1637","Bacteria","Proteobacteria","Alphaproteobacteria","Sphingomonadales","Sphingomonadaceae","Sphingomonas"
"OTU1217","Bacteria","Firmicutes","Clostridia","Clostridiales","Lachnospiraceae","Marvinbryantia"
"OTU191","Bacteria","Actinobacteria","Actinobacteria","Actinomycetales","Microbacteriaceae","Microbacterium"
"OTU1649","Bacteria","Firmicutes","Bacilli","Bacillales","Alicyclobacillaceae","Alicyclobacillus"
"OTU497","Bacteria","Firmicutes","Clostridia","Clostridiales","Clostridiaceae 1","Clostridium sensu stricto"
"OTU228","Bacteria","Fusobacteria","Fusobacteriia","Fusobacteriales","Fusobacteriaceae","Fusobacterium"
"OTU1439","Bacteria","Actinobacteria","Actinobacteria","Actinomycetales","Nocardioidaceae","Nocardioides"
"OTU166","Bacteria","Proteobacteria","Betaproteobacteria","Burkholderiales","Burkholderiaceae","Lautropia"
"OTU1123","Bacteria","Proteobacteria","Gammaproteobacteria","Aeromonadales","Aeromonadaceae","Aeromonas"
"OTU223","Bacteria","Bacteroidetes","Bacteroidia","Bacteroidales","Bacteroidaceae","Bacteroides"
"OTU116","Bacteria","Bacteroidetes","Bacteroidia","Bacteroidales","Porphyromonadaceae","Porphyromonas"
"OTU213","Bacteria","Firmicutes","Clostridia","Clostridiales","Lachnospiraceae","Anaerostipes"
"OTU1885","Bacteria","Firmicutes","Clostridia","Clostridiales","Clostridiales_Incertae Sedis XI","Anaerococcus"
"OTU796","Bacteria","Proteobacteria","Gammaproteobacteria","Pseudomonadales","Pseudomonadaceae","Pseudomonas"
"OTU1828","Bacteria","Actinobacteria","Actinobacteria","Actinomycetales","unclassified_Actinomycetales","unclassified_Actinomycetales"
"OTU1762","Bacteria","Proteobacteria","Alphaproteobacteria","Rhizobiales","Aurantimonadaceae","Aureimonas"
"OTU1343","Bacteria","Proteobacteria","Alphaproteobacteria","Sphingomonadales","Sphingomonadaceae","Sphingomonas"
"OTU1840","Bacteria","Actinobacteria","Actinobacteria","Actinomycetales","Microbacteriaceae","Curtobacterium"
"OTU91","Bacteria","Firmicutes","Clostridia","Clostridiales","Clostridiales_Incertae Sedis XI","Ezakiella"
"OTU314","Bacteria","Firmicutes","Clostridia","Clostridiales","Peptoniphilaceae","Peptoniphilus"
"OTU1260","Bacteria","Proteobacteria","Gammaproteobacteria","Pseudomonadales","Pseudomonadaceae","Pseudomonas"
"OTU1364","Bacteria","Firmicutes","Negativicutes","Selenomonadales","Veillonellaceae","Selenomonas"
"OTU306","Bacteria","Actinobacteria","Actinobacteria","Actinomycetales","Nocardiaceae","Gordonia"
"OTU1925","Bacteria","Proteobacteria","Betaproteobacteria","Burkholderiales","Comamonadaceae","unclassified_Comamonadaceae"
"OTU1051","Bacteria","Proteobacteria","Alphaproteobacteria","Rhodobacterales","Rhodobacteraceae","Paracoccus"
"OTU783","Bacteria","Fusobacteria","Fusobacteriia","Fusobacteriales","Leptotrichiaceae","Leptotrichia"
"OTU879","Bacteria","Actinobacteria","Actinobacteria","Actinomycetales","Nocardiaceae","Rhodococcus"
"OTU1950","Bacteria","Deinococcus-Thermus","Deinococci","Deinococcales","Deinococcaceae","Deinococcus"
"OTU75","Bacteria","Bacteroidetes","Bacteroidia","Bacteroidales","Porphyromonadaceae","Porphyromonas"
"OTU1929","Bacteria","Deinococcus-Thermus","Deinococci","Deinococcales","Deinococcaceae","Deinococcus"
"OTU1517","Bacteria","Actinobacteria","Actinobacteria","Actinomycetales","Actinomycetaceae","Actinomyces"
"OTU249","Bacteria","Actinobacteria","Actinobacteria","Actinomycetales","Corynebacteriaceae","Corynebacterium"
"OTU1829","Bacteria","Proteobacteria","Alphaproteobacteria","unclassified_Alphaproteobacteria","unclassified_Alphaproteobacteria","unclassified_Alphaproteobacteria"
"OTU82","Bacteria","Actinobacteria","Actinobacteria","Actinomycetales","Intrasporangiaceae","Janibacter"
"OTU1951","Bacteria","Firmicutes","Clostridia","Clostridiales","Clostridiales_Incertae Sedis XI","Parvimonas"
"OTU1442","Bacteria","Proteobacteria","unclassified_""Proteobacteria""","unclassified_""Proteobacteria""","unclassified_""Proteobacteria""","unclassified_""Proteobacteria"""
"OTU1182","Bacteria","Firmicutes","unclassified_Firmicutes","unclassified_Firmicutes","unclassified_Firmicutes","unclassified_Firmicutes"
"OTU227","Bacteria","Actinobacteria","Actinobacteria","Actinomycetales","Corynebacteriaceae","Corynebacterium"
"OTU55","Bacteria","Proteobacteria","Betaproteobacteria","Neisseriales","Neisseriaceae","Chromobacterium"
"OTU1201","Bacteria","Actinobacteria","Actinobacteria","Actinomycetales","Actinomycetaceae","Actinomyces"
"OTU179","Bacteria","Proteobacteria","Alphaproteobacteria","Rhodobacterales","Rhodobacteraceae","Paracoccus"
"OTU1238","Bacteria","Proteobacteria","Betaproteobacteria","Rhodocyclales","Rhodocyclaceae","unclassified_Rhodocyclaceae"
"OTU240","Bacteria","Proteobacteria","Alphaproteobacteria","Rhodobacterales","Rhodobacteraceae","Paracoccus"
"OTU1453","Bacteria","unclassified_Bacteria","unclassified_Bacteria","unclassified_Bacteria","unclassified_Bacteria","unclassified_Bacteria"
"OTU1394","Bacteria","Actinobacteria","Actinobacteria","Actinomycetales","Propionibacteriaceae","Propioniciclava"
"OTU71","Bacteria","Proteobacteria","Alphaproteobacteria","Rhodobacterales","Rhodobacteraceae","Paracoccus"
"OTU1822","Bacteria","Bacteroidetes","Bacteroidia","Bacteroidales","Porphyromonadaceae","unclassified_""Porphyromonadaceae"""
"OTU1604","Bacteria","Proteobacteria","Betaproteobacteria","Burkholderiales","Oxalobacteraceae","Massilia"
"OTU710","Bacteria","Actinobacteria","Actinobacteria","Actinomycetales","Nocardioidaceae","Nocardioides"
"OTU262","Bacteria","Actinobacteria","Actinobacteria","Actinomycetales","Brevibacteriaceae","Brevibacterium"
"OTU546","Bacteria","Actinobacteria","Actinobacteria","Actinomycetales","Propionibacteriaceae","unclassified_Propionibacteriaceae"
"OTU188","Bacteria","Actinobacteria","Actinobacteria","Actinomycetales","Propionibacteriaceae","Friedmanniella"
"OTU108","Bacteria","Actinobacteria","Actinobacteria","Actinomycetales","Corynebacteriaceae","Corynebacterium"
"OTU408","Bacteria","Actinobacteria","Actinobacteria","Actinomycetales","Micrococcaceae","Arthrobacter"
"OTU867","Bacteria","Firmicutes","Negativicutes","Selenomonadales","Veillonellaceae","Megasphaera"
"OTU252","Bacteria","Firmicutes","Bacilli","Lactobacillales","Aerococcaceae","Facklamia"
"OTU1969","Bacteria","Proteobacteria","Betaproteobacteria","Burkholderiales","Oxalobacteraceae","Massilia"
"OTU1708","Bacteria","Actinobacteria","Actinobacteria","Actinomycetales","Corynebacteriaceae","Corynebacterium"
"OTU294","Bacteria","Bacteroidetes","Bacteroidia","Bacteroidales","Porphyromonadaceae","Porphyromonas"
"OTU1064","Bacteria","Actinobacteria","Actinobacteria","Actinomycetales","Nocardioidaceae","Nocardioides"
"OTU160","Bacteria","Proteobacteria","Alphaproteobacteria","Sphingomonadales","Sphingomonadaceae","Sphingomonas"
"OTU1914","Bacteria","Actinobacteria","Actinobacteria","Actinomycetales","Corynebacteriaceae","Corynebacterium"
"OTU1688","Bacteria","Proteobacteria","Betaproteobacteria","Burkholderiales","unclassified_Burkholderiales","unclassified_Burkholderiales"
"OTU718","Bacteria","Proteobacteria","Betaproteobacteria","Burkholderiales","Oxalobacteraceae","Massilia"
"OTU686","Bacteria","Bacteroidetes","Bacteroidia","Bacteroidales","Bacteroidaceae","Bacteroides"
"OTU780","Bacteria","Proteobacteria","Gammaproteobacteria","Enterobacteriales","Enterobacteriaceae","Serratia"
"OTU630","Bacteria","Proteobacteria","Betaproteobacteria","Burkholderiales","Burkholderiaceae","Cupriavidus"
"OTU331","Bacteria","Firmicutes","Clostridia","Clostridiales","Peptoniphilaceae","unclassified_Peptoniphilaceae"
"OTU393","Bacteria","Firmicutes","Clostridia","Clostridiales","Clostridiales_Incertae Sedis XI","Anaerococcus"
"OTU1417","Bacteria","Proteobacteria","Gammaproteobacteria","Pseudomonadales","Moraxellaceae","Acinetobacter"
"OTU383","Bacteria","Actinobacteria","Actinobacteria","Actinomycetales","Actinomycetaceae","Actinomyces"
"OTU390","Bacteria","Proteobacteria","Alphaproteobacteria","Rhodospirillales","Acetobacteraceae","Roseomonas"
"OTU514","Bacteria","Firmicutes","Negativicutes","Selenomonadales","Veillonellaceae","Dialister"
"OTU361","Bacteria","Firmicutes","Bacilli","Bacillales","unclassified_Bacillales","unclassified_Bacillales"
"OTU394","Bacteria","Proteobacteria","Alphaproteobacteria","Rhizobiales","Bradyrhizobiaceae","Bosea"
"OTU1479","Bacteria","Bacteroidetes","Sphingobacteriia","Sphingobacteriales","Sphingobacteriaceae","Sphingobacterium"
"OTU259","Bacteria","Actinobacteria","Actinobacteria","Actinomycetales","Brevibacteriaceae","Brevibacterium"
"OTU373","Bacteria","Firmicutes","Bacilli","Bacillales","Bacillales_Incertae Sedis XII","Exiguobacterium"
"OTU1220","Bacteria","Actinobacteria","Actinobacteria","Actinomycetales","Propionibacteriaceae","Propioniferax"
"OTU1274","Bacteria","Proteobacteria","Betaproteobacteria","Burkholderiales","Sutterellaceae","Sutterella"
"OTU1598","Bacteria","Firmicutes","Clostridia","Clostridiales","Clostridiales_Incertae Sedis XI","Anaerococcus"
"OTU43","Bacteria","Proteobacteria","Alphaproteobacteria","Rhodobacterales","Rhodobacteraceae","Haematobacter"
"OTU672","Bacteria","Bacteroidetes","Bacteroidia","Bacteroidales","Prevotellaceae","Prevotella"
"OTU861","Bacteria","Actinobacteria","Actinobacteria","Acidimicrobiales","unclassified_Acidimicrobiales","unclassified_Acidimicrobiales"
"OTU1527","Bacteria","Proteobacteria","Alphaproteobacteria","Rhodobacterales","Rhodobacteraceae","Paracoccus"
"OTU1305","Bacteria","Firmicutes","Bacilli","Lactobacillales","Streptococcaceae","Lactococcus"
"OTU317","Bacteria","Firmicutes","Bacilli","Bacillales","Bacillaceae 1","Bacillus"
"OTU1835","Bacteria","Bacteroidetes","Sphingobacteriia","Sphingobacteriales","Sphingobacteriaceae","Pedobacter"
"OTU522","Bacteria","Actinobacteria","Actinobacteria","Actinomycetales","Micrococcaceae","Micrococcus"
"OTU673","Bacteria","Bacteroidetes","Bacteroidia","Bacteroidales","Porphyromonadaceae","unclassified_""Porphyromonadaceae"""
"OTU239","Bacteria","Firmicutes","Clostridia","Clostridiales","Lachnospiraceae","Blautia"
"OTU18","Bacteria","Proteobacteria","Betaproteobacteria","Burkholderiales","Comamonadaceae","Delftia"
"OTU1633","Bacteria","Actinobacteria","Actinobacteria","Actinomycetales","Propionibacteriaceae","unclassified_Propionibacteriaceae"
"OTU1976","Bacteria","Proteobacteria","Betaproteobacteria","Burkholderiales","Comamonadaceae","Comamonas"
"OTU704","Bacteria","Firmicutes","Bacilli","Bacillales","Staphylococcaceae","Macrococcus"
"OTU637","Bacteria","Bacteroidetes","Bacteroidia","Bacteroidales","Porphyromonadaceae","unclassified_""Porphyromonadaceae"""
"OTU339","Bacteria","Actinobacteria","Actinobacteria","Actinomycetales","Nocardioidaceae","Nocardioides"
"OTU1823","Bacteria","Proteobacteria","Alphaproteobacteria","Sphingomonadales","Sphingomonadaceae","unclassified_Sphingomonadaceae"
"OTU1915","Bacteria","Firmicutes","Bacilli","Bacillales","Bacillaceae 1","Bacillus"
"OTU1161","Bacteria","Chloroflexi","unclassified_""Chloroflexi""","unclassified_""Chloroflexi""","unclassified_""Chloroflexi""","unclassified_""Chloroflexi"""
"OTU532","Bacteria","Proteobacteria","Alphaproteobacteria","Sphingomonadales","Sphingomonadaceae","Novosphingobium"
"OTU1118","Bacteria","Bacteroidetes","Flavobacteriia","Flavobacteriales","Flavobacteriaceae","Gillisia"
"OTU1377","Bacteria","Actinobacteria","Actinobacteria","Actinomycetales","Micromonosporaceae","unclassified_Micromonosporaceae"
"OTU407","Bacteria","Firmicutes","Bacilli","Lactobacillales","Streptococcaceae","Streptococcus"
"OTU1481","Bacteria","Proteobacteria","Alphaproteobacteria","Sphingomonadales","Sphingomonadaceae","Sphingomonas"
"OTU351","Bacteria","Bacteroidetes","Sphingobacteriia","Sphingobacteriales","Sphingobacteriaceae","Sphingobacterium"
"OTU835","Bacteria","unclassified_Bacteria","unclassified_Bacteria","unclassified_Bacteria","unclassified_Bacteria","unclassified_Bacteria"
"OTU1790","Bacteria","Proteobacteria","Alphaproteobacteria","Rhodobacterales","Rhodobacteraceae","unclassified_Rhodobacteraceae"
"OTU437","Bacteria","Actinobacteria","Actinobacteria","Actinomycetales","Micrococcaceae","Kocuria"
"OTU305","Bacteria","Firmicutes","Negativicutes","Selenomonadales","Acidaminococcaceae","Phascolarctobacterium"
"OTU1251","Bacteria","unclassified_Bacteria","unclassified_Bacteria","unclassified_Bacteria","unclassified_Bacteria","unclassified_Bacteria"
"OTU1909","Bacteria","Bacteroidetes","Flavobacteriia","Flavobacteriales","Flavobacteriaceae","Capnocytophaga"
"OTU1526","Bacteria","Actinobacteria","Actinobacteria","Actinomycetales","unclassified_Actinomycetales","unclassified_Actinomycetales"
"OTU635","Bacteria","Bacteroidetes","Sphingobacteriia","Sphingobacteriales","Sphingobacteriaceae","Sphingobacterium"
"OTU1818","Bacteria","Proteobacteria","Betaproteobacteria","Burkholderiales","Comamonadaceae","Ottowia"
"OTU1784","Bacteria","Proteobacteria","Betaproteobacteria","Burkholderiales","Comamonadaceae","Comamonas"
"OTU1718","Bacteria","Actinobacteria","unclassified_""Actinobacteria""","unclassified_""Actinobacteria""","unclassified_""Actinobacteria""","unclassified_""Actinobacteria"""
"OTU1067","Bacteria","Firmicutes","Bacilli","Lactobacillales","Carnobacteriaceae","Alloiococcus"
"OTU587","Bacteria","Proteobacteria","Betaproteobacteria","Burkholderiales","Burkholderiaceae","Polynucleobacter"
"OTU786","Bacteria","Bacteroidetes","Sphingobacteriia","Sphingobacteriales","Sphingobacteriaceae","Mucilaginibacter"
"OTU433","Bacteria","Actinobacteria","Actinobacteria","Actinomycetales","unclassified_Actinomycetales","unclassified_Actinomycetales"
"OTU643","Bacteria","Bacteroidetes","Flavobacteriia","Flavobacteriales","Flavobacteriaceae","Elizabethkingia"
"OTU63","Bacteria","Bacteroidetes","Flavobacteriia","Flavobacteriales","Flavobacteriaceae","Chryseobacterium"
"OTU1196","Bacteria","Bacteroidetes","Sphingobacteriia","Sphingobacteriales","Chitinophagaceae","Flavitalea"
"OTU749","Bacteria","Bacteroidetes","Cytophagia","Cytophagales","Flammeovirgaceae","Thermonema"
"OTU1434","Bacteria","Firmicutes","Bacilli","Lactobacillales","Carnobacteriaceae","Dolosigranulum"
"OTU125","Bacteria","Firmicutes","Bacilli","Lactobacillales","Lactobacillaceae","Lactobacillus"
"OTU1077","Bacteria","Verrucomicrobia","Verrucomicrobiae","Verrucomicrobiales","Verrucomicrobiaceae","Luteolibacter"
"OTU152","Bacteria","Proteobacteria","Betaproteobacteria","Hydrogenophilales","Hydrogenophilaceae","Tepidiphilus"
"OTU121","Bacteria","Firmicutes","Clostridia","Clostridiales","Clostridiales_Incertae Sedis XI","Parvimonas"
"OTU186","Bacteria","Proteobacteria","Betaproteobacteria","Rhodocyclales","Rhodocyclaceae","Azospira"
"OTU601","Bacteria","Fusobacteria","Fusobacteriia","Fusobacteriales","Leptotrichiaceae","Leptotrichia"
"OTU1863","Bacteria","unclassified_Bacteria","unclassified_Bacteria","unclassified_Bacteria","unclassified_Bacteria","unclassified_Bacteria"
"OTU1868","Bacteria","Proteobacteria","Gammaproteobacteria","Alteromonadales","Shewanellaceae","Shewanella"
"OTU1715","Bacteria","Proteobacteria","Gammaproteobacteria","Pseudomonadales","Moraxellaceae","Moraxella"
"OTU309","Bacteria","Firmicutes","Clostridia","Clostridiales","Peptoniphilaceae","unclassified_Peptoniphilaceae"
"OTU692","Bacteria","Bacteroidetes","Flavobacteriia","Flavobacteriales","Flavobacteriaceae","Flavobacterium"
"OTU1686","Bacteria","Proteobacteria","Betaproteobacteria","Burkholderiales","Comamonadaceae","Curvibacter"
"OTU48","Bacteria","Bacteroidetes","Flavobacteriia","Flavobacteriales","Flavobacteriaceae","Chryseobacterium"
"OTU115","Bacteria","Firmicutes","Bacilli","Lactobacillales","Enterococcaceae","Enterococcus"
"OTU1883","Bacteria","Firmicutes","Clostridia","Clostridiales","Clostridiales_Incertae Sedis XI","Anaerococcus"
"OTU44","Bacteria","Actinobacteria","Actinobacteria","Actinomycetales","Microbacteriaceae","Microbacterium"
"OTU889","Bacteria","Firmicutes","Clostridia","Clostridiales","Clostridiales_Incertae Sedis XI","Anaerococcus"
"OTU871","Bacteria","Actinobacteria","Actinobacteria","unclassified_Actinobacteria","unclassified_Actinobacteria","unclassified_Actinobacteria"
"OTU1345","Bacteria","Proteobacteria","Alphaproteobacteria","Sphingomonadales","Sphingomonadaceae","unclassified_Sphingomonadaceae"
"OTU823","Bacteria","Actinobacteria","Actinobacteria","Actinomycetales","unclassified_Actinomycetales","unclassified_Actinomycetales"
"OTU1019","Bacteria","Firmicutes","Clostridia","Clostridiales","Clostridiaceae 1","Clostridium sensu stricto"
"OTU1525","Bacteria","Deinococcus-Thermus","Deinococci","Deinococcales","Deinococcaceae","Deinococcus"
"OTU378","Bacteria","Actinobacteria","Actinobacteria","Actinomycetales","Microbacteriaceae","Amnibacterium"
"OTU1236","Bacteria","Actinobacteria","Actinobacteria","Gaiellales","Gaiellaceae","Gaiella"
"OTU596","Bacteria","Firmicutes","Clostridia","Clostridiales","Peptoniphilaceae","Peptoniphilus"
"OTU645","Bacteria","Firmicutes","Bacilli","Bacillales","Staphylococcaceae","Macrococcus"
"OTU1301","Bacteria","Acidobacteria","Acidobacteria_Gp7","unclassified_Acidobacteria_Gp7","unclassified_Acidobacteria_Gp7","Gp7"
"OTU253","Bacteria","Bacteroidetes","Flavobacteriia","Flavobacteriales","Flavobacteriaceae","Flavobacterium"
"OTU1144","Bacteria","Actinobacteria","Actinobacteria","unclassified_Actinobacteria","unclassified_Actinobacteria","unclassified_Actinobacteria"
"OTU1366","Bacteria","Actinobacteria","Actinobacteria","Solirubrobacterales","Solirubrobacteraceae","Solirubrobacter"
"OTU632","Bacteria","Bacteroidetes","Bacteroidia","Bacteroidales","Bacteroidaceae","Bacteroides"
"OTU268","Bacteria","Bacteroidetes","Bacteroidia","Bacteroidales","Porphyromonadaceae","unclassified_""Porphyromonadaceae"""
"OTU933","Bacteria","Firmicutes","Clostridia","Clostridiales","Lachnospiraceae","unclassified_Lachnospiraceae"
"OTU1133","Bacteria","Firmicutes","Negativicutes","Selenomonadales","Veillonellaceae","Negativicoccus"
"OTU1616","Bacteria","Proteobacteria","Gammaproteobacteria","Aeromonadales","Aeromonadaceae","Aeromonas"
"OTU1850","Bacteria","Proteobacteria","Betaproteobacteria","Burkholderiales","Comamonadaceae","unclassified_Comamonadaceae"
"OTU1168","Bacteria","Proteobacteria","Gammaproteobacteria","Pseudomonadales","Moraxellaceae","Acinetobacter"
"OTU355","Bacteria","Proteobacteria","Gammaproteobacteria","Xanthomonadales","Xanthomonadaceae","Pseudoxanthomonas"
"OTU1741","Bacteria","Firmicutes","Bacilli","Bacillales","Staphylococcaceae","Staphylococcus"
"OTU110","Bacteria","Proteobacteria","Alphaproteobacteria","Rhizobiales","Aurantimonadaceae","Aureimonas"
"OTU167","Bacteria","Actinobacteria","Actinobacteria","Actinomycetales","unclassified_Actinomycetales","unclassified_Actinomycetales"
"OTU594","Bacteria","Firmicutes","Bacilli","Lactobacillales","Lactobacillaceae","Lactobacillus"
"OTU161","Bacteria","Actinobacteria","Actinobacteria","Actinomycetales","Corynebacteriaceae","Corynebacterium"
"OTU427","Bacteria","Bacteroidetes","Flavobacteriia","Flavobacteriales","Flavobacteriaceae","Capnocytophaga"
"OTU1767","Bacteria","Proteobacteria","Betaproteobacteria","Burkholderiales","Burkholderiaceae","Polynucleobacter"
"OTU1466","Bacteria","Firmicutes","Clostridia","Clostridiales","Lachnospiraceae","unclassified_Lachnospiraceae"
"OTU205","Bacteria","Proteobacteria","Betaproteobacteria","Burkholderiales","Oxalobacteraceae","Massilia"
"OTU104","Bacteria","Proteobacteria","Alphaproteobacteria","Sphingomonadales","Sphingomonadaceae","Novosphingobium"
"OTU654","Bacteria","Proteobacteria","Gammaproteobacteria","unclassified_Gammaproteobacteria","unclassified_Gammaproteobacteria","unclassified_Gammaproteobacteria"
"OTU1716","Bacteria","Proteobacteria","Alphaproteobacteria","Sphingomonadales","Sphingomonadaceae","unclassified_Sphingomonadaceae"
"OTU289","Bacteria","Actinobacteria","Actinobacteria","Actinomycetales","Corynebacteriaceae","Corynebacterium"
"OTU1376","Bacteria","Firmicutes","Clostridia","Clostridiales","Clostridiaceae 1","Clostridium sensu stricto"
"OTU1477","Bacteria","Proteobacteria","Alphaproteobacteria","unclassified_Alphaproteobacteria","unclassified_Alphaproteobacteria","unclassified_Alphaproteobacteria"
"OTU2033","Bacteria","Proteobacteria","Gammaproteobacteria","Pseudomonadales","Pseudomonadaceae","Pseudomonas"
"OTU275","Bacteria","Bacteroidetes","Flavobacteriia","Flavobacteriales","Flavobacteriaceae","Chryseobacterium"
"OTU688","Bacteria","Armatimonadetes","unclassified_""Armatimonadetes""","unclassified_""Armatimonadetes""","unclassified_""Armatimonadetes""","Armatimonadetes_gp4"
"OTU679","Bacteria","Proteobacteria","Betaproteobacteria","Burkholderiales","Comamonadaceae","Xenophilus"
"OTU99","Bacteria","Proteobacteria","Alphaproteobacteria","Caulobacterales","Caulobacteraceae","Brevundimonas"
"OTU212","Bacteria","Proteobacteria","Alphaproteobacteria","Rhizobiales","Aurantimonadaceae","unclassified_""Aurantimonadaceae"""
"OTU1921","Bacteria","Proteobacteria","Betaproteobacteria","Burkholderiales","Alcaligenaceae","Achromobacter"
"OTU222","Bacteria","Proteobacteria","Gammaproteobacteria","Xanthomonadales","Xanthomonadaceae","Stenotrophomonas"
"OTU981","Bacteria","Firmicutes","Bacilli","Lactobacillales","Lactobacillaceae","Lactobacillus"
"OTU1664","Bacteria","Proteobacteria","Alphaproteobacteria","Rhizobiales","Methylobacteriaceae","Methylobacterium"
"OTU196","Bacteria","Actinobacteria","Actinobacteria","Actinomycetales","Propionibacteriaceae","unclassified_Propionibacteriaceae"
"OTU670","Bacteria","Bacteroidetes","Bacteroidia","Bacteroidales","Porphyromonadaceae","Barnesiella"
"OTU683","Bacteria","Firmicutes","Clostridia","Clostridiales","Peptostreptococcaceae","Peptostreptococcus"
"OTU1030","Bacteria","Bacteroidetes","Sphingobacteriia","Sphingobacteriales","Saprospiraceae","Phaeodactylibacter"
"OTU1399","Bacteria","Actinobacteria","Actinobacteria","Actinomycetales","Propionibacteriaceae","Friedmanniella"
"OTU1613","Bacteria","Actinobacteria","Actinobacteria","Actinomycetales","unclassified_Actinomycetales","unclassified_Actinomycetales"
"OTU950","Bacteria","Actinobacteria","Actinobacteria","Actinomycetales","unclassified_Actinomycetales","unclassified_Actinomycetales"
"OTU1656","Bacteria","Bacteroidetes","unclassified_""Bacteroidetes""","unclassified_""Bacteroidetes""","unclassified_""Bacteroidetes""","unclassified_""Bacteroidetes"""
"OTU843","Bacteria","Deinococcus-Thermus","Deinococci","Deinococcales","Deinococcaceae","Deinococcus"
"OTU1508","Bacteria","Bacteroidetes","Flavobacteriia","Flavobacteriales","Flavobacteriaceae","Capnocytophaga"
"OTU1084","Bacteria","Proteobacteria","Alphaproteobacteria","Rhodobacterales","Rhodobacteraceae","unclassified_Rhodobacteraceae"
"OTU713","Bacteria","Firmicutes","Clostridia","Clostridiales","Lachnospiraceae","unclassified_Lachnospiraceae"
"OTU1952","Bacteria","Actinobacteria","Actinobacteria","Actinomycetales","Corynebacteriaceae","Corynebacterium"
"OTU1540","Bacteria","Bacteroidetes","Sphingobacteriia","Sphingobacteriales","Chitinophagaceae","Sediminibacterium"
"OTU918","Bacteria","Firmicutes","Clostridia","Clostridiales","Lachnospiraceae","Lachnoanaerobaculum"
"OTU455","Bacteria","Fusobacteria","Fusobacteriia","Fusobacteriales","Fusobacteriaceae","Fusobacterium"
"OTU781","Bacteria","Bacteroidetes","Sphingobacteriia","Sphingobacteriales","Chitinophagaceae","Sediminibacterium"
"OTU1499","Bacteria","Proteobacteria","Gammaproteobacteria","Pseudomonadales","Pseudomonadaceae","Pseudomonas"
"OTU349","Bacteria","Actinobacteria","Actinobacteria","Actinomycetales","Nocardiaceae","Rhodococcus"
"OTU199","Bacteria","Firmicutes","Bacilli","Lactobacillales","Lactobacillaceae","Lactobacillus"
"OTU1634","Bacteria","Acidobacteria","Acidobacteria_Gp4","unclassified_Acidobacteria_Gp4","unclassified_Acidobacteria_Gp4","unclassified_Acidobacteria_Gp4"
"OTU668","Bacteria","Firmicutes","Bacilli","Bacillales","Bacillaceae 1","Bacillus"
"OTU540","Bacteria","Firmicutes","Bacilli","Bacillales","unclassified_Bacillales","unclassified_Bacillales"
"OTU711","Bacteria","Firmicutes","Clostridia","Clostridiales","unclassified_Clostridiales","unclassified_Clostridiales"
"OTU2010","Bacteria","Proteobacteria","Gammaproteobacteria","Enterobacteriales","Enterobacteriaceae","unclassified_Enterobacteriaceae"
"OTU360","Bacteria","Firmicutes","Bacilli","Lactobacillales","Aerococcaceae","Aerococcus"
"OTU669","Bacteria","Bacteroidetes","Flavobacteriia","Flavobacteriales","Flavobacteriaceae","Chryseobacterium"
"OTU1100","Bacteria","Bacteroidetes","Sphingobacteriia","Sphingobacteriales","Sphingobacteriaceae","Pedobacter"
"OTU680","Bacteria","Proteobacteria","Betaproteobacteria","Burkholderiales","Sutterellaceae","Parasutterella"
"OTU599","Bacteria","Proteobacteria","Alphaproteobacteria","Rhizobiales","Aurantimonadaceae","Aureimonas"
"OTU761","Bacteria","Bacteroidetes","Bacteroidia","Bacteroidales","Bacteroidaceae","Bacteroides"
"OTU1222","Bacteria","Actinobacteria","Actinobacteria","Actinomycetales","Actinomycetaceae","Actinomyces"
"OTU350","Bacteria","Bacteroidetes","Bacteroidia","Bacteroidales","Prevotellaceae","Prevotella"
"OTU343","Bacteria","Proteobacteria","Alphaproteobacteria","Caulobacterales","Caulobacteraceae","Phenylobacterium"
"OTU287","Bacteria","Actinobacteria","Actinobacteria","Actinomycetales","Nocardioidaceae","unclassified_Nocardioidaceae"
"OTU406","Bacteria","Actinobacteria","Actinobacteria","Actinomycetales","unclassified_Actinomycetales","unclassified_Actinomycetales"
"OTU443","Bacteria","Firmicutes","Clostridia","Clostridiales","Lachnospiraceae","Blautia"
"OTU531","Bacteria","Planctomycetes","Planctomycetia","Planctomycetales","Planctomycetaceae","unclassified_Planctomycetaceae"
"OTU398","Bacteria","Bacteroidetes","Flavobacteriia","Flavobacteriales","Flavobacteriaceae","Capnocytophaga"
"OTU358","Bacteria","Firmicutes","Clostridia","Clostridiales","Clostridiaceae 1","Clostridium sensu stricto"
"OTU291","Bacteria","Firmicutes","Clostridia","Clostridiales","Clostridiaceae 1","Clostridium sensu stricto"
"OTU430","Bacteria","Actinobacteria","Actinobacteria","Actinomycetales","Intrasporangiaceae","Ornithinimicrobium"
"OTU1283","Bacteria","Proteobacteria","Gammaproteobacteria","Pseudomonadales","Moraxellaceae","Acinetobacter"
"OTU2026","Bacteria","Proteobacteria","Gammaproteobacteria","Pseudomonadales","Pseudomonadaceae","Pseudomonas"
"OTU337","Bacteria","Actinobacteria","Actinobacteria","Actinomycetales","Cellulomonadaceae","Actinotalea"
"OTU335","Bacteria","Bacteroidetes","Sphingobacteriia","Sphingobacteriales","Sphingobacteriaceae","Pedobacter"
"OTU1621","Bacteria","Actinobacteria","Actinobacteria","Actinomycetales","Dietziaceae","Dietzia"
"OTU1000","Bacteria","Proteobacteria","Gammaproteobacteria","Pseudomonadales","Pseudomonadaceae","Pseudomonas"
"OTU274","Bacteria","Proteobacteria","Alphaproteobacteria","Rhizobiales","Hyphomicrobiaceae","Devosia"
"OTU470","Bacteria","Actinobacteria","Actinobacteria","Actinomycetales","Microbacteriaceae","unclassified_Microbacteriaceae"
"OTU164","Bacteria","Proteobacteria","Alphaproteobacteria","Rhodospirillales","Acetobacteraceae","Gluconobacter"
"OTU681","Bacteria","Acidobacteria","Acidobacteria_Gp6","unclassified_Acidobacteria_Gp6","unclassified_Acidobacteria_Gp6","Gp6"
"OTU1293","Bacteria","unclassified_Bacteria","unclassified_Bacteria","unclassified_Bacteria","unclassified_Bacteria","unclassified_Bacteria"
"OTU1044","Bacteria","Actinobacteria","Actinobacteria","Gaiellales","Gaiellaceae","Gaiella"
"OTU1710","Bacteria","Proteobacteria","Gammaproteobacteria","Enterobacteriales","Enterobacteriaceae","unclassified_Enterobacteriaceae"
"OTU1612","Bacteria","unclassified_Bacteria","unclassified_Bacteria","unclassified_Bacteria","unclassified_Bacteria","unclassified_Bacteria"
"OTU366","Bacteria","Firmicutes","Clostridia","Clostridiales","Ruminococcaceae","Fastidiosipila"
"OTU1320","Bacteria","Firmicutes","Clostridia","Clostridiales","Lachnospiraceae","Blautia"
"OTU565","Bacteria","Firmicutes","Clostridia","Clostridiales","Ruminococcaceae","unclassified_Ruminococcaceae"
"OTU1007","Bacteria","Bacteroidetes","Bacteroidia","Bacteroidales","Bacteroidaceae","Bacteroides"
"OTU544","Bacteria","Firmicutes","Clostridia","Clostridiales","unclassified_Clostridiales","unclassified_Clostridiales"
"OTU299","Bacteria","Bacteroidetes","Bacteroidia","Bacteroidales","Prevotellaceae","Paraprevotella"
"OTU238","Bacteria","Firmicutes","Erysipelotrichia","Erysipelotrichales","Erysipelotrichaceae","Holdemanella"
"OTU250","Bacteria","Firmicutes","Clostridia","Clostridiales","Lachnospiraceae","Ruminococcus2"
"OTU281","Bacteria","Firmicutes","Clostridia","Clostridiales","Lachnospiraceae","Lachnospiracea_incertae_sedis"
"OTU271","Bacteria","Bacteroidetes","Bacteroidia","Bacteroidales","Prevotellaceae","Alloprevotella"
"OTU913","Bacteria","Actinobacteria","Actinobacteria","Actinomycetales","Pseudonocardiaceae","Actinomycetospora"
"OTU1964","Bacteria","Firmicutes","unclassified_Firmicutes","unclassified_Firmicutes","unclassified_Firmicutes","unclassified_Firmicutes"
"OTU1323","Bacteria","Bacteroidetes","Bacteroidia","Bacteroidales","Porphyromonadaceae","Parabacteroides"
"OTU185","Bacteria","Firmicutes","Clostridia","Clostridiales","Ruminococcaceae","unclassified_Ruminococcaceae"
"OTU973","Bacteria","Bacteroidetes","Bacteroidia","Bacteroidales","Prevotellaceae","Prevotella"
"OTU667","Bacteria","Firmicutes","Bacilli","Lactobacillales","Aerococcaceae","Facklamia"
"OTU348","Bacteria","Firmicutes","Clostridia","Clostridiales","Lachnospiraceae","Lachnospiracea_incertae_sedis"
"OTU597","Bacteria","Bacteroidetes","Bacteroidia","Bacteroidales","Porphyromonadaceae","Coprobacter"
"OTU1208","Bacteria","Chloroflexi","Thermomicrobia","Sphaerobacterales","Sphaerobacteraceae","unclassified_Sphaerobacteraceae"
"OTU826","Bacteria","Firmicutes","Clostridia","Clostridiales","Lachnospiraceae","Clostridium XlVb"
"OTU870","Bacteria","Fusobacteria","Fusobacteriia","Fusobacteriales","Leptotrichiaceae","unclassified_""Leptotrichiaceae"""
"OTU396","Bacteria","Firmicutes","Clostridia","Clostridiales","Lachnospiraceae","Lachnospiracea_incertae_sedis"
"OTU202","Bacteria","Firmicutes","Clostridia","Clostridiales","Lachnospiraceae","Lachnospiracea_incertae_sedis"
"OTU989","Bacteria","Firmicutes","Clostridia","Clostridiales","Lachnospiraceae","Lachnospiracea_incertae_sedis"
"OTU1747","Bacteria","Bacteroidetes","Bacteroidia","Bacteroidales","Bacteroidaceae","Bacteroides"
"OTU1288","Bacteria","Firmicutes","Clostridia","Clostridiales","Lachnospiraceae","Blautia"
"OTU1842","Bacteria","Proteobacteria","Deltaproteobacteria","Desulfovibrionales","Desulfovibrionaceae","unclassified_Desulfovibrionaceae"
"OTU1961","Bacteria","Firmicutes","Clostridia","Clostridiales","Ruminococcaceae","unclassified_Ruminococcaceae"
"OTU273","Bacteria","Firmicutes","Bacilli","Lactobacillales","Lactobacillaceae","Lactobacillus"
"OTU751","Bacteria","Firmicutes","Clostridia","Clostridiales","Ruminococcaceae","unclassified_Ruminococcaceae"
"OTU1554","Bacteria","Proteobacteria","Gammaproteobacteria","Aeromonadales","Succinivibrionaceae","Succinatimonas"
"OTU387","Bacteria","Firmicutes","Clostridia","Clostridiales","Lachnospiraceae","Fusicatenibacter"
"OTU539","Bacteria","Firmicutes","Clostridia","Clostridiales","Ruminococcaceae","unclassified_Ruminococcaceae"
"OTU290","Bacteria","Firmicutes","Clostridia","Clostridiales","Ruminococcaceae","Clostridium IV"
"OTU1759","Bacteria","Proteobacteria","Gammaproteobacteria","Pseudomonadales","Moraxellaceae","Acinetobacter"
"OTU1657","Bacteria","Firmicutes","Bacilli","Lactobacillales","Streptococcaceae","unclassified_Streptococcaceae"
"OTU612","Bacteria","Bacteroidetes","Bacteroidia","Bacteroidales","unclassified_""Bacteroidales""","unclassified_""Bacteroidales"""
"OTU1819","Bacteria","Proteobacteria","Alphaproteobacteria","Rhodospirillales","Acetobacteraceae","unclassified_Acetobacteraceae"
"OTU1464","Bacteria","Proteobacteria","Alphaproteobacteria","Sphingomonadales","Erythrobacteraceae","Croceicoccus"
"OTU1971","Bacteria","Bacteroidetes","Flavobacteriia","Flavobacteriales","Flavobacteriaceae","Chryseobacterium"
"OTU1735","Bacteria","Candidatus Saccharibacteria","unclassified_Candidatus Saccharibacteria","unclassified_Candidatus Saccharibacteria","unclassified_Candidatus Saccharibacteria","Saccharibacteria_genera_incertae_sedis"
"OTU1770","Bacteria","Firmicutes","Bacilli","Lactobacillales","Lactobacillaceae","Lactobacillus"
"OTU1116","Bacteria","Bacteroidetes","Bacteroidia","Bacteroidales","unclassified_""Bacteroidales""","unclassified_""Bacteroidales"""
"OTU2028","Bacteria","Firmicutes","Clostridia","Clostridiales","Lachnospiraceae","unclassified_Lachnospiraceae"
"OTU1692","Bacteria","Firmicutes","Clostridia","Clostridiales","Lachnospiraceae","unclassified_Lachnospiraceae"
"OTU1966","Bacteria","Actinobacteria","unclassified_""Actinobacteria""","unclassified_""Actinobacteria""","unclassified_""Actinobacteria""","unclassified_""Actinobacteria"""
"OTU671","Bacteria","Firmicutes","Clostridia","Clostridiales","Clostridiales_Incertae Sedis XI","Anaerococcus"
"OTU86","Bacteria","Firmicutes","Clostridia","Clostridiales","Clostridiales_Incertae Sedis XI","Anaerococcus"
"OTU1115","Bacteria","Firmicutes","Bacilli","Bacillales","Planococcaceae","Sporosarcina"
"OTU1006","Bacteria","Fusobacteria","Fusobacteriia","Fusobacteriales","Leptotrichiaceae","Leptotrichia"
"OTU101","Bacteria","Firmicutes","Clostridia","Clostridiales","Clostridiales_Incertae Sedis XI","Murdochiella"
"OTU1488","Bacteria","unclassified_Bacteria","unclassified_Bacteria","unclassified_Bacteria","unclassified_Bacteria","unclassified_Bacteria"
"OTU595","Bacteria","Firmicutes","Bacilli","Bacillales","Planococcaceae","Lysinibacillus"
"OTU6","Bacteria","Firmicutes","Bacilli","Bacillales","Bacillaceae 2","Allobacillus"
"OTU229","Bacteria","Firmicutes","Clostridia","Clostridiales","Lachnospiraceae","Catonella"
"OTU106","Bacteria","Proteobacteria","Alphaproteobacteria","Rhizobiales","Methylobacteriaceae","Methylobacterium"
"OTU1102","Bacteria","Proteobacteria","Alphaproteobacteria","Sphingomonadales","Sphingomonadaceae","unclassified_Sphingomonadaceae"
"OTU174","Bacteria","Candidatus Saccharibacteria","unclassified_Candidatus Saccharibacteria","unclassified_Candidatus Saccharibacteria","unclassified_Candidatus Saccharibacteria","Saccharibacteria_genera_incertae_sedis"
"OTU1368","Bacteria","Fusobacteria","Fusobacteriia","Fusobacteriales","Leptotrichiaceae","Leptotrichia"
"OTU391","Bacteria","Bacteroidetes","Bacteroidia","Bacteroidales","Prevotellaceae","Prevotella"
"OTU153","Bacteria","Actinobacteria","Actinobacteria","Actinomycetales","Corynebacteriaceae","Corynebacterium"
"OTU1908","Bacteria","Firmicutes","Clostridia","Clostridiales","Clostridiales_Incertae Sedis XI","Anaerococcus"
"OTU251","Bacteria","Bacteroidetes","Flavobacteriia","Flavobacteriales","Flavobacteriaceae","Flavobacterium"
"OTU1870","Bacteria","Firmicutes","Clostridia","Clostridiales","Clostridiales_Incertae Sedis XI","Anaerococcus"
"OTU2023","Bacteria","Actinobacteria","Actinobacteria","Actinomycetales","Corynebacteriaceae","Corynebacterium"
"OTU2031","Bacteria","Actinobacteria","Actinobacteria","Actinomycetales","Propionibacteriaceae","Propionibacterium"
"OTU2032","Bacteria","unclassified_Bacteria","unclassified_Bacteria","unclassified_Bacteria","unclassified_Bacteria","unclassified_Bacteria"
"OTU1977","Bacteria","Actinobacteria","Actinobacteria","Actinomycetales","Corynebacteriaceae","Corynebacterium"
"OTU1889","Bacteria","Actinobacteria","Actinobacteria","Actinomycetales","Corynebacteriaceae","Corynebacterium"
"OTU1982","Bacteria","Firmicutes","Clostridia","Clostridiales","Clostridiales_Incertae Sedis XI","Anaerococcus"
"OTU1974","Bacteria","Firmicutes","Clostridia","Clostridiales","Clostridiales_Incertae Sedis XI","Anaerococcus"
"OTU297","Bacteria","Actinobacteria","Actinobacteria","Actinomycetales","Geodermatophilaceae","Modestobacter"
"OTU475","Bacteria","Firmicutes","Clostridia","Clostridiales","Peptoniphilaceae","Peptoniphilus"
"OTU439","Bacteria","Firmicutes","Clostridia","Clostridiales","Lachnospiraceae","unclassified_Lachnospiraceae"
"OTU375","Bacteria","Actinobacteria","Actinobacteria","Actinomycetales","Actinomycetaceae","Mobiluncus"
"OTU450","Bacteria","Bacteroidetes","Bacteroidia","Bacteroidales","Bacteroidaceae","Bacteroides"
"OTU2002","Bacteria","Firmicutes","Clostridia","Clostridiales","Lachnospiraceae","Fusicatenibacter"
"OTU255","Bacteria","Firmicutes","Bacilli","Lactobacillales","Leuconostocaceae","Leuconostoc"
"OTU1045","Bacteria","Proteobacteria","Gammaproteobacteria","Pseudomonadales","Moraxellaceae","Acinetobacter"
"OTU1788","Bacteria","Actinobacteria","Actinobacteria","Actinomycetales","Propionibacteriaceae","Propionibacterium"
"OTU1473","Bacteria","Firmicutes","Negativicutes","Selenomonadales","Veillonellaceae","Selenomonas"
"OTU492","Bacteria","Proteobacteria","Alphaproteobacteria","Sphingomonadales","Erythrobacteraceae","Altererythrobacter"
"OTU966","Bacteria","Bacteroidetes","Bacteroidia","Bacteroidales","Prevotellaceae","Prevotella"
"OTU795","Bacteria","Proteobacteria","Alphaproteobacteria","Sphingomonadales","Sphingomonadaceae","Sphingomonas"
"OTU1029","Bacteria","Actinobacteria","Actinobacteria","Actinomycetales","Mycobacteriaceae","Mycobacterium"
"OTU992","Bacteria","Firmicutes","Clostridia","Clostridiales","Clostridiales_Incertae Sedis XI","Gallicola"
"OTU585","Bacteria","Firmicutes","Clostridia","Clostridiales","Clostridiales_Incertae Sedis XI","Anaerococcus"
"OTU848","Bacteria","Firmicutes","Clostridia","Clostridiales","Lachnospiraceae","Oribacterium"
"OTU178","Bacteria","Firmicutes","Clostridia","Clostridiales","Clostridiales_Incertae Sedis XI","Anaerococcus"
"OTU1905","Bacteria","Firmicutes","Clostridia","Clostridiales","Clostridiales_Incertae Sedis XI","Anaerococcus"
"OTU970","Bacteria","Firmicutes","Erysipelotrichia","Erysipelotrichales","Erysipelotrichaceae","Solobacterium"
"OTU960","Bacteria","Actinobacteria","Actinobacteria","Actinomycetales","Actinomycetaceae","Actinomyces"
"OTU1380","Bacteria","Bacteroidetes","Bacteroidia","Bacteroidales","Porphyromonadaceae","Porphyromonas"
"OTU316","Bacteria","Firmicutes","Clostridia","Clostridiales","Peptoniphilaceae","Peptoniphilus"
"OTU1121","Bacteria","Proteobacteria","Alphaproteobacteria","Rhizobiales","Methylocystaceae","Methylopila"
"OTU1753","Bacteria","Firmicutes","Clostridia","Clostridiales","Peptoniphilaceae","Peptoniphilus"
"OTU554","Bacteria","Actinobacteria","Actinobacteria","Actinomycetales","Actinomycetaceae","Actinomyces"
"OTU699","Bacteria","Actinobacteria","Actinobacteria","Actinomycetales","Nocardioidaceae","Marmoricola"
"OTU1337","Bacteria","Firmicutes","Bacilli","Lactobacillales","Aerococcaceae","Facklamia"
"OTU1665","Bacteria","Firmicutes","Clostridia","Clostridiales","unclassified_Clostridiales","unclassified_Clostridiales"
"OTU690","Bacteria","Firmicutes","Clostridia","Clostridiales","unclassified_Clostridiales","unclassified_Clostridiales"
"OTU1027","Bacteria","Firmicutes","Bacilli","Lactobacillales","Aerococcaceae","Facklamia"
"OTU1511","Bacteria","Proteobacteria","Alphaproteobacteria","Rhodobacterales","Rhodobacteraceae","unclassified_Rhodobacteraceae"
"OTU1893","Bacteria","Bacteroidetes","Flavobacteriia","Flavobacteriales","Flavobacteriaceae","Capnocytophaga"
"OTU59","Bacteria","Firmicutes","Bacilli","Lactobacillales","Streptococcaceae","Streptococcus"
"OTU990","Bacteria","Firmicutes","Clostridia","Clostridiales","Clostridiaceae 1","Clostridium sensu stricto"
"OTU1931","Bacteria","Firmicutes","Clostridia","Clostridiales","Clostridiales_Incertae Sedis XI","Anaerococcus"
"OTU1519","Bacteria","Firmicutes","Clostridia","Clostridiales","unclassified_Clostridiales","unclassified_Clostridiales"
"OTU1851","Bacteria","Firmicutes","Bacilli","Lactobacillales","Streptococcaceae","Streptococcus"
"OTU512","Bacteria","Firmicutes","Clostridia","Clostridiales","Ruminococcaceae","unclassified_Ruminococcaceae"
"OTU812","Bacteria","Actinobacteria","Actinobacteria","Actinomycetales","Actinomycetaceae","Actinomyces"
"OTU589","Bacteria","Firmicutes","Clostridia","Clostridiales","Ruminococcaceae","unclassified_Ruminococcaceae"
"OTU458","Bacteria","Proteobacteria","Alphaproteobacteria","Rhizobiales","Methylobacteriaceae","Methylobacterium"
"OTU1704","Bacteria","Fusobacteria","Fusobacteriia","Fusobacteriales","Fusobacteriaceae","Fusobacterium"
"OTU1258","Bacteria","Actinobacteria","Actinobacteria","Actinomycetales","Actinomycetaceae","Varibaculum"
"OTU452","Bacteria","Proteobacteria","Epsilonproteobacteria","Campylobacterales","Campylobacteraceae","Campylobacter"
"OTU292","Bacteria","Actinobacteria","Actinobacteria","Actinomycetales","unclassified_Actinomycetales","unclassified_Actinomycetales"
"OTU483","Bacteria","Proteobacteria","Epsilonproteobacteria","Campylobacterales","Campylobacteraceae","Campylobacter"
"OTU1069","Bacteria","Actinobacteria","Actinobacteria","Coriobacteriales","Coriobacteriaceae","Atopobium"
"OTU1449","Bacteria","Actinobacteria","Actinobacteria","Actinomycetales","Pseudonocardiaceae","Actinomycetospora"
"OTU2012","Bacteria","Firmicutes","Clostridia","Clostridiales","Peptoniphilaceae","Peptoniphilus"
"OTU909","Bacteria","Firmicutes","Negativicutes","Selenomonadales","Veillonellaceae","Selenomonas"
"OTU1436","Bacteria","Proteobacteria","Betaproteobacteria","Burkholderiales","Comamonadaceae","unclassified_Comamonadaceae"
"OTU1014","Bacteria","Firmicutes","Clostridia","Clostridiales","Peptoniphilaceae","Peptoniphilus"
"OTU788","Bacteria","Actinobacteria","Actinobacteria","Coriobacteriales","Coriobacteriaceae","Atopobium"
"OTU1249","Bacteria","Firmicutes","Clostridia","Clostridiales","unclassified_Clostridiales","unclassified_Clostridiales"
"OTU731","Bacteria","Bacteroidetes","Flavobacteriia","Flavobacteriales","Flavobacteriaceae","Capnocytophaga"
"OTU769","Bacteria","Actinobacteria","Actinobacteria","Actinomycetales","Actinomycetaceae","Actinomyces"
"OTU949","Bacteria","Firmicutes","Clostridia","Clostridiales","Clostridiales_Incertae Sedis XIII","Mogibacterium"
"OTU254","Bacteria","Proteobacteria","Betaproteobacteria","Neisseriales","Neisseriaceae","Neisseria"
"OTU1264","Bacteria","Bacteroidetes","Flavobacteriia","Flavobacteriales","Flavobacteriaceae","Capnocytophaga"
"OTU629","Bacteria","Bacteroidetes","Bacteroidia","Bacteroidales","Prevotellaceae","Prevotella"
"OTU528","Bacteria","Proteobacteria","Epsilonproteobacteria","Campylobacterales","Campylobacteraceae","Campylobacter"
"OTU1382","Bacteria","Proteobacteria","Gammaproteobacteria","Xanthomonadales","Sinobacteraceae","Solimonas"
"OTU1214","Bacteria","Actinobacteria","Actinobacteria","Actinomycetales","Actinomycetaceae","Actinomyces"
"OTU1174","Bacteria","Firmicutes","Clostridia","Clostridiales","Peptoniphilaceae","Peptoniphilus"
"OTU1275","Bacteria","Firmicutes","Negativicutes","Selenomonadales","Veillonellaceae","Selenomonas"
"OTU176","Bacteria","Proteobacteria","Epsilonproteobacteria","Campylobacterales","Campylobacteraceae","Campylobacter"
"OTU1338","Bacteria","unclassified_Bacteria","unclassified_Bacteria","unclassified_Bacteria","unclassified_Bacteria","unclassified_Bacteria"
"OTU1278","Bacteria","Bacteroidetes","Flavobacteriia","Flavobacteriales","Flavobacteriaceae","Capnocytophaga"
"OTU388","Bacteria","Actinobacteria","Actinobacteria","Actinomycetales","Actinomycetaceae","Actinomyces"
"OTU1485","Bacteria","Bacteroidetes","Bacteroidia","Bacteroidales","unclassified_""Bacteroidales""","unclassified_""Bacteroidales"""
"OTU1898","Bacteria","Actinobacteria","Actinobacteria","Rubrobacterales","Rubrobacteraceae","Rubrobacter"
"OTU1013","Bacteria","Firmicutes","Negativicutes","Selenomonadales","Veillonellaceae","Dialister"
"OTU342","Bacteria","Proteobacteria","Alphaproteobacteria","Rhizobiales","Brucellaceae","unclassified_Brucellaceae"
"OTU689","Bacteria","Firmicutes","Clostridia","Clostridiales","Ruminococcaceae","unclassified_Ruminococcaceae"
"OTU1036","Bacteria","Proteobacteria","Alphaproteobacteria","Rhodobacterales","Rhodobacteraceae","unclassified_Rhodobacteraceae"
"OTU839","Bacteria","Firmicutes","Clostridia","Clostridiales","unclassified_Clostridiales","unclassified_Clostridiales"
"OTU495","Bacteria","Firmicutes","Clostridia","Clostridiales","Lachnospiraceae","Stomatobaculum"
"OTU953","Bacteria","Actinobacteria","Actinobacteria","Actinomycetales","Actinomycetaceae","Varibaculum"
"OTU1587","Bacteria","Verrucomicrobia","Opitutae","Opitutales","Opitutaceae","Opitutus"
"OTU1493","Bacteria","Firmicutes","Clostridia","Clostridiales","Lachnospiraceae","Blautia"
"OTU1183","Bacteria","Firmicutes","Clostridia","Clostridiales","Clostridiales_Incertae Sedis XI","Anaerococcus"
"OTU764","Bacteria","Firmicutes","Clostridia","Clostridiales","Clostridiales_Incertae Sedis XIII","Anaerovorax"
"OTU1734","Bacteria","Firmicutes","Clostridia","Clostridiales","Clostridiales_Incertae Sedis XI","Anaerococcus"
"OTU1642","Bacteria","Proteobacteria","Betaproteobacteria","Neisseriales","Neisseriaceae","Kingella"
"OTU1055","Bacteria","Proteobacteria","Alphaproteobacteria","Caulobacterales","Caulobacteraceae","Brevundimonas"
"OTU1448","Bacteria","Proteobacteria","Alphaproteobacteria","Rhizobiales","Brucellaceae","Ochrobactrum"
"OTU784","Bacteria","Actinobacteria","Actinobacteria","Actinomycetales","Actinomycetaceae","Actinomyces"
"OTU753","Bacteria","Firmicutes","Clostridia","Clostridiales","Clostridiales_Incertae Sedis XI","Murdochiella"
"OTU760","Bacteria","Firmicutes","Negativicutes","Selenomonadales","Veillonellaceae","Selenomonas"
"OTU1294","Bacteria","Bacteroidetes","Sphingobacteriia","Sphingobacteriales","Rhodothermaceae","unclassified_""Rhodothermaceae"""
"OTU1403","Bacteria","Actinobacteria","Actinobacteria","Actinomycetales","Actinomycetaceae","Arcanobacterium"
"OTU1129","Bacteria","Actinobacteria","Actinobacteria","Actinomycetales","Nocardioidaceae","Nocardioides"
"OTU621","Bacteria","Bacteroidetes","Bacteroidia","Bacteroidales","Porphyromonadaceae","Parabacteroides"
"OTU1954","Bacteria","Proteobacteria","Betaproteobacteria","Burkholderiales","Burkholderiaceae","Burkholderia"
"OTU1816","Bacteria","Firmicutes","Bacilli","Bacillales","Staphylococcaceae","Staphylococcus"
"OTU315","Bacteria","Proteobacteria","Alphaproteobacteria","unclassified_Alphaproteobacteria","unclassified_Alphaproteobacteria","unclassified_Alphaproteobacteria"
"OTU538","Bacteria","Bacteroidetes","Cytophagia","Cytophagales","Cytophagaceae","Hymenobacter"
"OTU968","Bacteria","Proteobacteria","unclassified_""Proteobacteria""","unclassified_""Proteobacteria""","unclassified_""Proteobacteria""","unclassified_""Proteobacteria"""
"OTU1054","Bacteria","Actinobacteria","Actinobacteria","Actinomycetales","Actinomycetaceae","Actinomyces"
"OTU700","Bacteria","Actinobacteria","Actinobacteria","Actinomycetales","Nocardioidaceae","unclassified_Nocardioidaceae"
"OTU741","Bacteria","Proteobacteria","Deltaproteobacteria","unclassified_Deltaproteobacteria","unclassified_Deltaproteobacteria","unclassified_Deltaproteobacteria"
"OTU1910","Bacteria","unclassified_Bacteria","unclassified_Bacteria","unclassified_Bacteria","unclassified_Bacteria","unclassified_Bacteria"
"OTU1962","Bacteria","unclassified_Bacteria","unclassified_Bacteria","unclassified_Bacteria","unclassified_Bacteria","unclassified_Bacteria"
"OTU1917","Bacteria","unclassified_Bacteria","unclassified_Bacteria","unclassified_Bacteria","unclassified_Bacteria","unclassified_Bacteria"
"OTU193","Bacteria","Firmicutes","Bacilli","Lactobacillales","Carnobacteriaceae","Desemzia"
"OTU833","Bacteria","Bacteroidetes","Bacteroidia","Bacteroidales","Rikenellaceae","Alistipes"
"OTU1126","Bacteria","Actinobacteria","Actinobacteria","Coriobacteriales","Coriobacteriaceae","unclassified_Coriobacteriaceae"
"OTU502","Bacteria","Proteobacteria","Betaproteobacteria","Burkholderiales","Comamonadaceae","Diaphorobacter"
"OTU1276","Bacteria","Bacteroidetes","Bacteroidia","Bacteroidales","Bacteroidaceae","Bacteroides"
"OTU1151","Bacteria","Deinococcus-Thermus","Deinococci","Deinococcales","Deinococcaceae","Deinococcus"
"OTU1314","Bacteria","Firmicutes","Clostridia","Clostridiales","Lachnospiraceae","unclassified_Lachnospiraceae"
"OTU1015","Bacteria","Firmicutes","Clostridia","Clostridiales","Lachnospiraceae","Clostridium XlVa"
"OTU1165","Bacteria","Actinobacteria","Actinobacteria","Actinomycetales","unclassified_Actinomycetales","unclassified_Actinomycetales"
"OTU1300","Bacteria","Firmicutes","Clostridia","Clostridiales","Lachnospiraceae","Blautia"
"OTU745","Bacteria","Firmicutes","Clostridia","Clostridiales","Ruminococcaceae","Oscillibacter"
"OTU1460","Bacteria","Firmicutes","Clostridia","Clostridiales","Lachnospiraceae","unclassified_Lachnospiraceae"
"OTU614","Bacteria","Firmicutes","Clostridia","Clostridiales","Lachnospiraceae","unclassified_Lachnospiraceae"
"OTU1091","Bacteria","Bacteroidetes","Bacteroidia","Bacteroidales","Porphyromonadaceae","Parabacteroides"
"OTU1591","Bacteria","Firmicutes","Clostridia","Clostridiales","Ruminococcaceae","Oscillibacter"
"OTU1843","Bacteria","Actinobacteria","Actinobacteria","Actinomycetales","unclassified_Actinomycetales","unclassified_Actinomycetales"
"OTU1408","Bacteria","Firmicutes","Clostridia","Clostridiales","Lachnospiraceae","unclassified_Lachnospiraceae"
"OTU1199","Bacteria","Bacteroidetes","Bacteroidia","Bacteroidales","Porphyromonadaceae","Parabacteroides"
"OTU246","Bacteria","Bacteroidetes","Sphingobacteriia","Sphingobacteriales","Sphingobacteriaceae","Pedobacter"
"OTU884","Bacteria","Actinobacteria","Actinobacteria","Actinomycetales","Corynebacteriaceae","Corynebacterium"
"OTU855","Bacteria","Firmicutes","Clostridia","Clostridiales","Lachnospiraceae","unclassified_Lachnospiraceae"
"OTU809","Bacteria","Actinobacteria","Actinobacteria","Actinomycetales","Microbacteriaceae","Agrococcus"
"OTU747","Bacteria","Firmicutes","Clostridia","Clostridiales","Ruminococcaceae","unclassified_Ruminococcaceae"
"OTU266","Bacteria","Bacteroidetes","Bacteroidia","Bacteroidales","Prevotellaceae","unclassified_""Prevotellaceae"""
"OTU1963","Bacteria","Firmicutes","Clostridia","Clostridiales","Lachnospiraceae","Lachnospiracea_incertae_sedis"
"OTU321","Bacteria","Bacteroidetes","Bacteroidia","Bacteroidales","Porphyromonadaceae","unclassified_""Porphyromonadaceae"""
"OTU484","Bacteria","Firmicutes","Clostridia","Clostridiales","Clostridiaceae 1","Clostridium sensu stricto"
"OTU190","Bacteria","Candidatus Saccharibacteria","unclassified_Candidatus Saccharibacteria","unclassified_Candidatus Saccharibacteria","unclassified_Candidatus Saccharibacteria","Saccharibacteria_genera_incertae_sedis"
"OTU728","Bacteria","Actinobacteria","Actinobacteria","Actinomycetales","Corynebacteriaceae","Corynebacterium"
"OTU347","Bacteria","Proteobacteria","unclassified_""Proteobacteria""","unclassified_""Proteobacteria""","unclassified_""Proteobacteria""","unclassified_""Proteobacteria"""
"OTU928","Bacteria","Firmicutes","Clostridia","Clostridiales","Lachnospiraceae","unclassified_Lachnospiraceae"
"OTU1956","Bacteria","Firmicutes","Clostridia","Clostridiales","Clostridiaceae 1","Clostridium sensu stricto"
"OTU923","Bacteria","Bacteroidetes","unclassified_""Bacteroidetes""","unclassified_""Bacteroidetes""","unclassified_""Bacteroidetes""","unclassified_""Bacteroidetes"""
"OTU1550","Bacteria","Proteobacteria","Alphaproteobacteria","Sphingomonadales","Sphingomonadaceae","unclassified_Sphingomonadaceae"
"OTU405","Bacteria","Firmicutes","Clostridia","Clostridiales","Lachnospiraceae","unclassified_Lachnospiraceae"
"OTU346","Bacteria","Firmicutes","Bacilli","Lactobacillales","Streptococcaceae","Streptococcus"
"OTU278","Bacteria","Firmicutes","Clostridia","Clostridiales","Lachnospiraceae","unclassified_Lachnospiraceae"
"OTU578","Bacteria","Firmicutes","Clostridia","Clostridiales","Lachnospiraceae","unclassified_Lachnospiraceae"
"OTU703","Bacteria","Firmicutes","Clostridia","Clostridiales","Lachnospiraceae","unclassified_Lachnospiraceae"
"OTU725","Bacteria","Firmicutes","Clostridia","Clostridiales","unclassified_Clostridiales","unclassified_Clostridiales"
"OTU1011","Bacteria","Firmicutes","Clostridia","Clostridiales","Lachnospiraceae","unclassified_Lachnospiraceae"
"OTU451","Bacteria","Firmicutes","Clostridia","Clostridiales","unclassified_Clostridiales","unclassified_Clostridiales"
"OTU242","Bacteria","Firmicutes","Clostridia","Clostridiales","Lachnospiraceae","unclassified_Lachnospiraceae"
"OTU984","Bacteria","Firmicutes","Clostridia","Clostridiales","Lachnospiraceae","unclassified_Lachnospiraceae"
"OTU1163","Bacteria","Bacteroidetes","Bacteroidia","Bacteroidales","Porphyromonadaceae","unclassified_""Porphyromonadaceae"""
"OTU535","Bacteria","Firmicutes","Clostridia","Clostridiales","Lachnospiraceae","unclassified_Lachnospiraceae"
"OTU527","Bacteria","Bacteroidetes","Bacteroidia","Bacteroidales","Porphyromonadaceae","Odoribacter"
"OTU611","Bacteria","Bacteroidetes","Bacteroidia","Bacteroidales","Rikenellaceae","Alistipes"
"OTU568","Bacteria","Firmicutes","Clostridia","Clostridiales","Lachnospiraceae","unclassified_Lachnospiraceae"
"OTU756","Bacteria","Bacteroidetes","Flavobacteriia","Flavobacteriales","Flavobacteriaceae","Epilithonimonas"
"OTU779","Bacteria","Firmicutes","Clostridia","Clostridiales","Lachnospiraceae","unclassified_Lachnospiraceae"
"OTU962","Bacteria","Firmicutes","Clostridia","Clostridiales","Lachnospiraceae","unclassified_Lachnospiraceae"
"OTU900","Bacteria","Firmicutes","Clostridia","Clostridiales","Lachnospiraceae","unclassified_Lachnospiraceae"
"OTU525","Bacteria","Firmicutes","Clostridia","Clostridiales","Lachnospiraceae","unclassified_Lachnospiraceae"
"OTU919","Bacteria","Firmicutes","Clostridia","Clostridiales","Lachnospiraceae","unclassified_Lachnospiraceae"
"OTU1028","Bacteria","Proteobacteria","Deltaproteobacteria","Myxococcales","Nannocystaceae","Nannocystis"
"OTU1120","Bacteria","Firmicutes","Clostridia","Clostridiales","Lachnospiraceae","unclassified_Lachnospiraceae"
"OTU356","Bacteria","Bacteroidetes","Bacteroidia","Bacteroidales","unclassified_""Bacteroidales""","unclassified_""Bacteroidales"""
"OTU1204","Bacteria","Bacteroidetes","Bacteroidia","Bacteroidales","unclassified_""Bacteroidales""","unclassified_""Bacteroidales"""
"OTU811","Bacteria","Bacteroidetes","unclassified_""Bacteroidetes""","unclassified_""Bacteroidetes""","unclassified_""Bacteroidetes""","unclassified_""Bacteroidetes"""
"OTU866","Bacteria","Firmicutes","Clostridia","Clostridiales","Ruminococcaceae","Butyricicoccus"
"OTU943","Bacteria","Bacteroidetes","Bacteroidia","Bacteroidales","Rikenellaceae","Alistipes"
"OTU563","Bacteria","Bacteroidetes","Bacteroidia","Bacteroidales","Bacteroidaceae","Bacteroides"
"OTU598","Bacteria","Firmicutes","Clostridia","Clostridiales","Lachnospiraceae","unclassified_Lachnospiraceae"
"OTU924","Bacteria","Firmicutes","Bacilli","Lactobacillales","Lactobacillaceae","Lactobacillus"
"OTU974","Bacteria","Firmicutes","Clostridia","Clostridiales","Lachnospiraceae","unclassified_Lachnospiraceae"
"OTU1292","Bacteria","Actinobacteria","Actinobacteria","Coriobacteriales","Coriobacteriaceae","unclassified_Coriobacteriaceae"
"OTU937","Bacteria","Firmicutes","Clostridia","Clostridiales","Lachnospiraceae","unclassified_Lachnospiraceae"
"OTU798","Bacteria","Bacteroidetes","Bacteroidia","Bacteroidales","Porphyromonadaceae","unclassified_""Porphyromonadaceae"""
"OTU916","Bacteria","Firmicutes","Clostridia","Clostridiales","Lachnospiraceae","unclassified_Lachnospiraceae"
"OTU1589","Bacteria","Firmicutes","Clostridia","Clostridiales","Lachnospiraceae","unclassified_Lachnospiraceae"
"OTU1193","Bacteria","Firmicutes","Clostridia","Clostridiales","Ruminococcaceae","unclassified_Ruminococcaceae"
"OTU537","Bacteria","Firmicutes","Clostridia","Clostridiales","Lachnospiraceae","unclassified_Lachnospiraceae"
"OTU910","Bacteria","Firmicutes","Clostridia","Clostridiales","Lachnospiraceae","unclassified_Lachnospiraceae"
"OTU998","Bacteria","Deferribacteres","Deferribacteres","Deferribacterales","Deferribacteraceae","Mucispirillum"
"OTU1410","Bacteria","Bacteroidetes","Bacteroidia","Bacteroidales","Porphyromonadaceae","unclassified_""Porphyromonadaceae"""
"OTU1224","Bacteria","Bacteroidetes","Bacteroidia","Bacteroidales","unclassified_""Bacteroidales""","unclassified_""Bacteroidales"""
"OTU1194","Bacteria","Firmicutes","Clostridia","Clostridiales","Ruminococcaceae","unclassified_Ruminococcaceae"
"OTU1806","Bacteria","Proteobacteria","Gammaproteobacteria","Xanthomonadales","Xanthomonadaceae","Stenotrophomonas"
"OTU947","Bacteria","Firmicutes","Clostridia","Clostridiales","Lachnospiraceae","unclassified_Lachnospiraceae"
"OTU1578","Bacteria","Firmicutes","Clostridia","Clostridiales","Lachnospiraceae","unclassified_Lachnospiraceae"
"OTU1750","Bacteria","Firmicutes","Clostridia","Clostridiales","Lachnospiraceae","unclassified_Lachnospiraceae"
"OTU1890","Bacteria","Firmicutes","Clostridia","Clostridiales","unclassified_Clostridiales","unclassified_Clostridiales"
"OTU1907","Bacteria","Firmicutes","Bacilli","Lactobacillales","Carnobacteriaceae","Carnobacterium"
"OTU868","Bacteria","Proteobacteria","Gammaproteobacteria","Xanthomonadales","Xanthomonadaceae","Lysobacter"
"OTU432","Bacteria","Actinobacteria","Actinobacteria","Actinomycetales","Kineosporiaceae","Pseudokineococcus"
"OTU1895","Bacteria","Proteobacteria","Alphaproteobacteria","Rhizobiales","Methylocystaceae","Methylopila"
"OTU1008","Bacteria","Firmicutes","Clostridia","Clostridiales","unclassified_Clostridiales","unclassified_Clostridiales"
"OTU1268","Bacteria","Firmicutes","Clostridia","Clostridiales","Lachnospiraceae","unclassified_Lachnospiraceae"
"OTU1090","Bacteria","Firmicutes","Clostridia","Clostridiales","Ruminococcaceae","Oscillibacter"
"OTU1672","Bacteria","Proteobacteria","Gammaproteobacteria","Legionellales","Legionellaceae","Legionella"
"OTU466","Bacteria","Firmicutes","Bacilli","Lactobacillales","Enterococcaceae","Enterococcus"
"OTU401","Bacteria","Actinobacteria","Actinobacteria","Actinomycetales","Dermabacteraceae","Brachybacterium"
"OTU1078","Bacteria","Bacteroidetes","Bacteroidia","Bacteroidales","unclassified_""Bacteroidales""","unclassified_""Bacteroidales"""
"OTU1793","Bacteria","Firmicutes","Clostridia","Clostridiales","Lachnospiraceae","Dorea"
"OTU1654","Bacteria","Firmicutes","Bacilli","Lactobacillales","Carnobacteriaceae","Atopostipes"
"OTU1810","Bacteria","Proteobacteria","Alphaproteobacteria","Sphingomonadales","Sphingomonadaceae","Sphingomonas"
"OTU1184","Bacteria","unclassified_Bacteria","unclassified_Bacteria","unclassified_Bacteria","unclassified_Bacteria","unclassified_Bacteria"
"OTU421","Bacteria","Actinobacteria","Actinobacteria","Coriobacteriales","Coriobacteriaceae","Atopobium"
"OTU694","Bacteria","Deinococcus-Thermus","Deinococci","Deinococcales","Deinococcaceae","Deinococcus"
"OTU1888","Bacteria","Actinobacteria","Actinobacteria","Actinomycetales","Actinomycetaceae","Varibaculum"
"OTU1794","Bacteria","unclassified_Bacteria","unclassified_Bacteria","unclassified_Bacteria","unclassified_Bacteria","unclassified_Bacteria"
"OTU1960","Bacteria","Firmicutes","Clostridia","Clostridiales","unclassified_Clostridiales","unclassified_Clostridiales"
"OTU1904","Bacteria","Bacteroidetes","unclassified_""Bacteroidetes""","unclassified_""Bacteroidetes""","unclassified_""Bacteroidetes""","unclassified_""Bacteroidetes"""
"OTU336","Bacteria","Proteobacteria","Gammaproteobacteria","Chromatiales","Chromatiaceae","Rheinheimera"
"OTU663","Bacteria","Actinobacteria","Actinobacteria","Actinomycetales","unclassified_Actinomycetales","unclassified_Actinomycetales"
"OTU1353","Bacteria","Firmicutes","Clostridia","Clostridiales","Lachnospiraceae","unclassified_Lachnospiraceae"
"OTU431","Bacteria","Actinobacteria","Actinobacteria","Actinomycetales","Brevibacteriaceae","Brevibacterium"
"OTU837","Bacteria","Firmicutes","Clostridia","Clostridiales","Peptococcaceae 2","Desulfotomaculum"
"OTU208","Bacteria","Proteobacteria","Alphaproteobacteria","Rhodospirillales","Acetobacteraceae","Roseomonas"
"OTU648","Bacteria","Actinobacteria","Actinobacteria","Actinomycetales","Micrococcaceae","Kocuria"
"OTU386","Bacteria","Proteobacteria","Betaproteobacteria","Burkholderiales","Burkholderiales_incertae_sedis","unclassified_Burkholderiales_incertae_sedis"
"OTU1160","Bacteria","Proteobacteria","Alphaproteobacteria","Rhizobiales","Hyphomicrobiaceae","Hyphomicrobium"
"OTU1017","Bacteria","Firmicutes","Clostridia","Clostridiales","unclassified_Clostridiales","unclassified_Clostridiales"
"OTU558","Bacteria","Actinobacteria","Actinobacteria","Actinomycetales","Micrococcaceae","Arthrobacter"
"OTU1178","Bacteria","unclassified_Bacteria","unclassified_Bacteria","unclassified_Bacteria","unclassified_Bacteria","unclassified_Bacteria"
"OTU640","Bacteria","Actinobacteria","Actinobacteria","Actinomycetales","Actinomycetaceae","Actinomyces"
"OTU1188","Bacteria","Bacteroidetes","Bacteroidia","Bacteroidales","Porphyromonadaceae","unclassified_""Porphyromonadaceae"""
"OTU2022","Bacteria","Proteobacteria","Betaproteobacteria","Burkholderiales","Comamonadaceae","Polaromonas"
"OTU564","Bacteria","Firmicutes","Clostridia","Clostridiales","unclassified_Clostridiales","unclassified_Clostridiales"
"OTU1138","Bacteria","Firmicutes","Clostridia","Clostridiales","Ruminococcaceae","unclassified_Ruminococcaceae"
"OTU1154","Bacteria","Firmicutes","Clostridia","Clostridiales","Peptococcaceae 1","Peptococcus"
"OTU286","Bacteria","Bacteroidetes","Flavobacteriia","Flavobacteriales","Flavobacteriaceae","unclassified_Flavobacteriaceae"
"OTU95","Bacteria","Bacteroidetes","Flavobacteriia","Flavobacteriales","Flavobacteriaceae","Flavobacterium"
"OTU148","Bacteria","Proteobacteria","Betaproteobacteria","Burkholderiales","Comamonadaceae","Comamonas"
"OTU261","Bacteria","Proteobacteria","Alphaproteobacteria","Sphingomonadales","Sphingomonadaceae","Sphingomonas"
"OTU1837","Bacteria","Actinobacteria","Actinobacteria","Actinomycetales","Mycobacteriaceae","Mycobacterium"
"OTU206","Bacteria","Actinobacteria","Actinobacteria","Actinomycetales","unclassified_Actinomycetales","unclassified_Actinomycetales"
"OTU403","Bacteria","Actinobacteria","Actinobacteria","Actinomycetales","Pseudonocardiaceae","Actinomycetospora"
"OTU221","Bacteria","Firmicutes","Bacilli","Bacillales","Staphylococcaceae","Jeotgalicoccus"
"OTU2008","Bacteria","Actinobacteria","Actinobacteria","Actinomycetales","Micrococcaceae","Kocuria"
"OTU730","Bacteria","Firmicutes","Clostridia","Clostridiales","Ruminococcaceae","Faecalibacterium"
"OTU547","Bacteria","Firmicutes","Bacilli","Lactobacillales","Carnobacteriaceae","Carnobacterium"
"OTU644","Bacteria","Proteobacteria","Betaproteobacteria","Burkholderiales","Oxalobacteraceae","Noviherbaspirillum"
"OTU979","Bacteria","Bacteroidetes","Bacteroidia","Bacteroidales","Porphyromonadaceae","Porphyromonas"
"OTU733","Bacteria","Firmicutes","Clostridia","Clostridiales","Lachnospiraceae","unclassified_Lachnospiraceae"
"OTU203","Bacteria","Firmicutes","Clostridia","Clostridiales","Ruminococcaceae","Ruminococcus"
"OTU217","Bacteria","Bacteroidetes","Bacteroidia","Bacteroidales","Rikenellaceae","Alistipes"
"OTU755","Bacteria","Firmicutes","Clostridia","Clostridiales","Clostridiales_Incertae Sedis XIII","Mogibacterium"
"OTU1191","Bacteria","Actinobacteria","Actinobacteria","Actinomycetales","Corynebacteriaceae","Corynebacterium"
"OTU302","Bacteria","Proteobacteria","Betaproteobacteria","Burkholderiales","Burkholderiaceae","Limnobacter"
"OTU472","Bacteria","Firmicutes","Clostridia","Clostridiales","Peptoniphilaceae","Peptoniphilus"
"OTU411","Bacteria","Bacteroidetes","Bacteroidia","Bacteroidales","Rikenellaceae","Alistipes"
"OTU901","Bacteria","Proteobacteria","Alphaproteobacteria","Rhodobacterales","Rhodobacteraceae","Amaricoccus"
"OTU1005","Bacteria","Firmicutes","Negativicutes","Selenomonadales","Acidaminococcaceae","Succiniclasticum"
"OTU231","Bacteria","Firmicutes","Clostridia","Clostridiales","Ruminococcaceae","Ruminococcus"
"OTU841","Bacteria","Proteobacteria","Alphaproteobacteria","Rhodobacterales","Rhodobacteraceae","Amaricoccus"
"OTU2006","Bacteria","Firmicutes","Clostridia","Clostridiales","unclassified_Clostridiales","unclassified_Clostridiales"
"OTU1319","Bacteria","Bacteroidetes","Bacteroidia","Bacteroidales","Porphyromonadaceae","Butyricimonas"
"OTU1297","Bacteria","Bacteroidetes","Bacteroidia","Bacteroidales","Bacteroidaceae","Bacteroides"
"OTU743","Bacteria","Firmicutes","Clostridia","Clostridiales","Clostridiales_Incertae Sedis XI","Parvimonas"
"OTU832","Bacteria","Actinobacteria","Actinobacteria","unclassified_Actinobacteria","unclassified_Actinobacteria","unclassified_Actinobacteria"
"OTU930","Bacteria","Proteobacteria","Betaproteobacteria","Neisseriales","Neisseriaceae","Conchiformibius"
"OTU618","Bacteria","Firmicutes","Erysipelotrichia","Erysipelotrichales","Erysipelotrichaceae","Faecalicoccus"
"OTU817","Bacteria","Firmicutes","Clostridia","Clostridiales","Peptoniphilaceae","Peptoniphilus"
"OTU526","Bacteria","Firmicutes","Clostridia","Clostridiales","Lachnospiraceae","unclassified_Lachnospiraceae"
"OTU550","Bacteria","Firmicutes","Clostridia","Clostridiales","Lachnospiraceae","Ruminococcus2"
"OTU1400","Bacteria","Actinobacteria","Actinobacteria","Actinomycetales","Actinomycetaceae","Actinomyces"
"OTU580","Bacteria","Actinobacteria","Actinobacteria","Actinomycetales","Dermabacteraceae","Helcobacillus"
"OTU891","Bacteria","Bacteroidetes","Bacteroidia","Bacteroidales","Bacteroidaceae","Bacteroides"
"OTU1428","Bacteria","Bacteroidetes","Sphingobacteriia","Sphingobacteriales","Chitinophagaceae","Flavisolibacter"
"OTU956","Bacteria","Bacteroidetes","unclassified_""Bacteroidetes""","unclassified_""Bacteroidetes""","unclassified_""Bacteroidetes""","unclassified_""Bacteroidetes"""
"OTU803","Bacteria","Firmicutes","Clostridia","Clostridiales","Ruminococcaceae","Oscillibacter"
"OTU708","Bacteria","Firmicutes","unclassified_Firmicutes","unclassified_Firmicutes","unclassified_Firmicutes","unclassified_Firmicutes"
"OTU955","Bacteria","Firmicutes","Erysipelotrichia","Erysipelotrichales","Erysipelotrichaceae","unclassified_Erysipelotrichaceae"
"OTU987","Bacteria","Firmicutes","Clostridia","Clostridiales","Peptoniphilaceae","unclassified_Peptoniphilaceae"
"OTU1033","Bacteria","Firmicutes","Clostridia","Clostridiales","unclassified_Clostridiales","unclassified_Clostridiales"
"OTU1350","Bacteria","Proteobacteria","Gammaproteobacteria","Pseudomonadales","Moraxellaceae","Acinetobacter"
"OTU1532","Bacteria","Verrucomicrobia","Verrucomicrobiae","Verrucomicrobiales","Verrucomicrobiaceae","Akkermansia"
"OTU982","Bacteria","Bacteroidetes","Bacteroidia","Bacteroidales","Porphyromonadaceae","Porphyromonas"
"OTU1884","Bacteria","Proteobacteria","Gammaproteobacteria","Pseudomonadales","Moraxellaceae","Enhydrobacter"
"OTU1567","Bacteria","Proteobacteria","Gammaproteobacteria","Pseudomonadales","Pseudomonadaceae","Pseudomonas"
"OTU687","Bacteria","Proteobacteria","unclassified_""Proteobacteria""","unclassified_""Proteobacteria""","unclassified_""Proteobacteria""","unclassified_""Proteobacteria"""
"OTU1480","Bacteria","Proteobacteria","Gammaproteobacteria","Pasteurellales","Pasteurellaceae","unclassified_Pasteurellaceae"
"OTU87","Bacteria","Bacteroidetes","Sphingobacteriia","Sphingobacteriales","Chitinophagaceae","Sediminibacterium"
"OTU111","Bacteria","Firmicutes","Bacilli","Bacillales","Bacillales_Incertae Sedis X","Thermicanus"
"OTU145","Bacteria","Actinobacteria","Actinobacteria","Actinomycetales","Microbacteriaceae","Microbacterium"
"OTU192","Bacteria","Firmicutes","Bacilli","Bacillales","Bacillaceae 1","Anoxybacillus"
"OTU1085","Bacteria","Bacteroidetes","Flavobacteriia","Flavobacteriales","Flavobacteriaceae","Flavobacterium"
"OTU344","Bacteria","Actinobacteria","Actinobacteria","Actinomycetales","Propionibacteriaceae","Friedmanniella"
"OTU1031","Bacteria","Proteobacteria","Betaproteobacteria","Burkholderiales","Oxalobacteraceae","Massilia"
"OTU264","Bacteria","Proteobacteria","Alphaproteobacteria","Rhizobiales","Brucellaceae","Daeguia"
"OTU326","Bacteria","Firmicutes","Bacilli","Bacillales","Bacillaceae 1","Bacillus"
"OTU132","Bacteria","Proteobacteria","Alphaproteobacteria","Sphingomonadales","Sphingomonadaceae","Novosphingobium"
"OTU140","Bacteria","Bacteroidetes","Flavobacteriia","Flavobacteriales","Flavobacteriaceae","unclassified_Flavobacteriaceae"
"OTU619","Bacteria","Acidobacteria","Acidobacteria_Gp4","unclassified_Acidobacteria_Gp4","unclassified_Acidobacteria_Gp4","Aridibacter"
"OTU80","Bacteria","Actinobacteria","Actinobacteria","Actinomycetales","Actinomycetaceae","Actinotignum"
"OTU1942","Bacteria","Proteobacteria","Alphaproteobacteria","Rhizobiales","Methylobacteriaceae","Methylobacterium"
"OTU144","Bacteria","Bacteroidetes","Flavobacteriia","Flavobacteriales","Flavobacteriaceae","unclassified_Flavobacteriaceae"
"OTU143","Bacteria","Firmicutes","Bacilli","Bacillales","Bacillaceae 1","Bacillus"
"OTU820","Bacteria","Firmicutes","Bacilli","Bacillales","Bacillaceae 1","Bacillus"
"OTU399","Bacteria","Candidatus Saccharibacteria","unclassified_Candidatus Saccharibacteria","unclassified_Candidatus Saccharibacteria","unclassified_Candidatus Saccharibacteria","Saccharibacteria_genera_incertae_sedis"
"OTU543","Bacteria","Chloroflexi","Anaerolineae","Anaerolineales","Anaerolineaceae","unclassified_Anaerolineaceae"
"OTU1050","Bacteria","Actinobacteria","Actinobacteria","Acidimicrobiales","Acidimicrobiaceae","Ilumatobacter"
"OTU244","Bacteria","Bacteroidetes","Sphingobacteriia","Sphingobacteriales","Saprospiraceae","unclassified_""Saprospiraceae"""
"OTU163","Bacteria","Bacteroidetes","Sphingobacteriia","Sphingobacteriales","Sphingobacteriaceae","Sphingobacterium"
"OTU752","Bacteria","Firmicutes","Clostridia","Clostridiales","unclassified_Clostridiales","unclassified_Clostridiales"
"OTU1858","Bacteria","Bacteroidetes","Flavobacteriia","Flavobacteriales","Flavobacteriaceae","Chryseobacterium"
"OTU473","Bacteria","Chloroflexi","Anaerolineae","Anaerolineales","Anaerolineaceae","Longilinea"
"OTU592","Bacteria","Bacteroidetes","unclassified_""Bacteroidetes""","unclassified_""Bacteroidetes""","unclassified_""Bacteroidetes""","unclassified_""Bacteroidetes"""
"OTU1476","Bacteria","unclassified_Bacteria","unclassified_Bacteria","unclassified_Bacteria","unclassified_Bacteria","unclassified_Bacteria"
"OTU631","Bacteria","Proteobacteria","Gammaproteobacteria","Xanthomonadales","Xanthomonadaceae","Dokdonella"
"OTU369","Bacteria","Actinobacteria","Actinobacteria","Actinomycetales","Propionibacteriaceae","unclassified_Propionibacteriaceae"
"OTU586","Bacteria","Actinobacteria","Actinobacteria","Actinomycetales","Actinomycetaceae","Actinomyces"
"OTU766","Bacteria","Actinobacteria","Actinobacteria","Actinomycetales","Intrasporangiaceae","Tetrasphaera"
"OTU961","Bacteria","Bacteroidetes","unclassified_""Bacteroidetes""","unclassified_""Bacteroidetes""","unclassified_""Bacteroidetes""","unclassified_""Bacteroidetes"""
"OTU485","Bacteria","Acidobacteria","Acidobacteria_Gp3","unclassified_Acidobacteria_Gp3","unclassified_Acidobacteria_Gp3","unclassified_Acidobacteria_Gp3"
"OTU1253","Bacteria","Firmicutes","Bacilli","Bacillales","Bacillaceae 1","Bacillus"
"OTU272","Bacteria","Actinobacteria","Actinobacteria","Actinomycetales","Microbacteriaceae","Microbacterium"
"OTU1491","Bacteria","unclassified_Bacteria","unclassified_Bacteria","unclassified_Bacteria","unclassified_Bacteria","unclassified_Bacteria"
"OTU404","Bacteria","Actinobacteria","Actinobacteria","Actinomycetales","Nakamurellaceae","Nakamurella"
"OTU517","Bacteria","Bacteroidetes","Sphingobacteriia","Sphingobacteriales","Chitinophagaceae","unclassified_Chitinophagaceae"
"OTU787","Bacteria","Proteobacteria","Betaproteobacteria","Burkholderiales","Comamonadaceae","Ottowia"
"OTU691","Bacteria","Firmicutes","Clostridia","Clostridiales","Lachnospiraceae","unclassified_Lachnospiraceae"
"OTU763","Bacteria","Proteobacteria","Alphaproteobacteria","Rhizobiales","Hyphomicrobiaceae","Hyphomicrobium"
"OTU1089","Bacteria","Planctomycetes","Planctomycetia","Planctomycetales","Planctomycetaceae","unclassified_Planctomycetaceae"
"OTU570","Bacteria","unclassified_Bacteria","unclassified_Bacteria","unclassified_Bacteria","unclassified_Bacteria","unclassified_Bacteria"
"OTU488","Bacteria","Proteobacteria","Betaproteobacteria","Rhodocyclales","Rhodocyclaceae","unclassified_Rhodocyclaceae"
"OTU717","Bacteria","Proteobacteria","Alphaproteobacteria","Rhizobiales","Phyllobacteriaceae","unclassified_Phyllobacteriaceae"
"OTU748","Bacteria","Firmicutes","Clostridia","Clostridiales","unclassified_Clostridiales","unclassified_Clostridiales"
"OTU534","Bacteria","Bacteroidetes","Sphingobacteriia","Sphingobacteriales","Saprospiraceae","unclassified_""Saprospiraceae"""
"OTU869","Bacteria","Bacteroidetes","Bacteroidia","Bacteroidales","Porphyromonadaceae","Paludibacter"
"OTU789","Bacteria","Firmicutes","Clostridia","Clostridiales","unclassified_Clostridiales","unclassified_Clostridiales"
"OTU1086","Bacteria","Proteobacteria","Gammaproteobacteria","Xanthomonadales","Xanthomonadaceae","unclassified_Xanthomonadaceae"
"OTU706","Bacteria","Bacteroidetes","Sphingobacteriia","Sphingobacteriales","Sphingobacteriaceae","unclassified_Sphingobacteriaceae"
"OTU696","Bacteria","Actinobacteria","Actinobacteria","Gaiellales","Gaiellaceae","Gaiella"
"OTU709","Bacteria","Firmicutes","Clostridia","Clostridiales","Ruminococcaceae","unclassified_Ruminococcaceae"
"OTU674","Bacteria","Proteobacteria","Alphaproteobacteria","Rhizobiales","Hyphomicrobiaceae","Hyphomicrobium"
"OTU1261","Bacteria","Bacteroidetes","Sphingobacteriia","Sphingobacteriales","Saprospiraceae","unclassified_""Saprospiraceae"""
"OTU1388","Bacteria","Proteobacteria","Betaproteobacteria","Burkholderiales","unclassified_Burkholderiales","unclassified_Burkholderiales"
"OTU1347","Bacteria","Firmicutes","Negativicutes","Selenomonadales","Veillonellaceae","unclassified_Veillonellaceae"
"OTU1803","Bacteria","Acidobacteria","Acidobacteria_Gp6","unclassified_Acidobacteria_Gp6","unclassified_Acidobacteria_Gp6","Gp6"
"OTU352","Bacteria","Actinobacteria","Actinobacteria","Actinomycetales","unclassified_Actinomycetales","unclassified_Actinomycetales"
"OTU1416","Bacteria","Proteobacteria","Deltaproteobacteria","Myxococcales","unclassified_Myxococcales","unclassified_Myxococcales"
"OTU1661","Bacteria","unclassified_Bacteria","unclassified_Bacteria","unclassified_Bacteria","unclassified_Bacteria","unclassified_Bacteria"
"OTU1740","Bacteria","Bacteroidetes","unclassified_""Bacteroidetes""","unclassified_""Bacteroidetes""","unclassified_""Bacteroidetes""","unclassified_""Bacteroidetes"""
"OTU2011","Bacteria","unclassified_Bacteria","unclassified_Bacteria","unclassified_Bacteria","unclassified_Bacteria","unclassified_Bacteria"
"OTU1765","Bacteria","Planctomycetes","Phycisphaerae","unclassified_Phycisphaerae","unclassified_Phycisphaerae","unclassified_Phycisphaerae"
"OTU1965","Bacteria","Firmicutes","Clostridia","Clostridiales","unclassified_Clostridiales","unclassified_Clostridiales"
"OTU846","Bacteria","Firmicutes","Bacilli","Bacillales","Bacillales_Incertae Sedis XII","Exiguobacterium"
"OTU935","Bacteria","Bacteroidetes","Bacteroidia","Bacteroidales","unclassified_""Bacteroidales""","unclassified_""Bacteroidales"""
"OTU1039","Bacteria","Planctomycetes","Planctomycetia","Planctomycetales","Planctomycetaceae","unclassified_Planctomycetaceae"
"OTU714","Bacteria","Planctomycetes","Planctomycetia","Planctomycetales","Planctomycetaceae","unclassified_Planctomycetaceae"
"OTU413","Bacteria","Proteobacteria","Alphaproteobacteria","Sphingomonadales","Sphingomonadaceae","Sphingorhabdus"
"OTU932","Bacteria","Proteobacteria","Gammaproteobacteria","Xanthomonadales","Xanthomonadaceae","Lysobacter"
"OTU1147","Bacteria","Proteobacteria","Alphaproteobacteria","Rhizobiales","Brucellaceae","Pseudochrobactrum"
"OTU1546","Bacteria","Bacteroidetes","Flavobacteriia","Flavobacteriales","Flavobacteriaceae","Empedobacter"
"OTU1562","Bacteria","Proteobacteria","Gammaproteobacteria","Xanthomonadales","Xanthomonadaceae","Thermomonas"
"OTU1286","Bacteria","Proteobacteria","Gammaproteobacteria","Enterobacteriales","Enterobacteriaceae","unclassified_Enterobacteriaceae"
"OTU1202","Bacteria","Firmicutes","unclassified_Firmicutes","unclassified_Firmicutes","unclassified_Firmicutes","unclassified_Firmicutes"
"OTU519","Bacteria","Actinobacteria","Actinobacteria","Actinomycetales","Actinomycetaceae","Actinomyces"
"OTU1938","Bacteria","Candidatus Saccharibacteria","unclassified_Candidatus Saccharibacteria","unclassified_Candidatus Saccharibacteria","unclassified_Candidatus Saccharibacteria","Saccharibacteria_genera_incertae_sedis"
"OTU999","Bacteria","Bacteroidetes","Bacteroidia","Bacteroidales","Porphyromonadaceae","Odoribacter"
"OTU1200","Bacteria","Bacteroidetes","Sphingobacteriia","Sphingobacteriales","Sphingobacteriaceae","Pedobacter"
"OTU1639","Bacteria","Bacteroidetes","Bacteroidia","Bacteroidales","Prevotellaceae","Prevotella"
"OTU583","Bacteria","Proteobacteria","Betaproteobacteria","Burkholderiales","Burkholderiales_incertae_sedis","Aquabacterium"
"OTU772","Bacteria","Actinobacteria","Actinobacteria","Actinomycetales","Geodermatophilaceae","Blastococcus"
"OTU482","Bacteria","Firmicutes","Clostridia","Clostridiales","Ruminococcaceae","unclassified_Ruminococcaceae"
"OTU476","Bacteria","Actinobacteria","Actinobacteria","Actinomycetales","Corynebacteriaceae","Corynebacterium"
"OTU954","Bacteria","Proteobacteria","unclassified_""Proteobacteria""","unclassified_""Proteobacteria""","unclassified_""Proteobacteria""","unclassified_""Proteobacteria"""
"OTU1269","Bacteria","Bacteroidetes","Bacteroidia","Bacteroidales","Rikenellaceae","Alistipes"
"OTU1573","Bacteria","Actinobacteria","Actinobacteria","Actinomycetales","Microbacteriaceae","Microbacterium"
"OTU493","Bacteria","Firmicutes","Bacilli","Bacillales","Staphylococcaceae","Jeotgalicoccus"
"OTU1135","Bacteria","Firmicutes","Bacilli","Lactobacillales","Streptococcaceae","Streptococcus"
"OTU1404","Bacteria","Fusobacteria","Fusobacteriia","Fusobacteriales","Leptotrichiaceae","Leptotrichia"
"OTU1266","Bacteria","Proteobacteria","Alphaproteobacteria","Rhodospirillales","Acetobacteraceae","unclassified_Acetobacteraceae"
"OTU1362","Bacteria","Firmicutes","Bacilli","Bacillales","Bacillaceae 1","Bacillus"
"OTU1617","Bacteria","Actinobacteria","Actinobacteria","Actinomycetales","Micromonosporaceae","unclassified_Micromonosporaceae"
"OTU1565","Bacteria","Bacteroidetes","Bacteroidia","Bacteroidales","unclassified_""Bacteroidales""","unclassified_""Bacteroidales"""
"OTU1351","Bacteria","Deinococcus-Thermus","Deinococci","Deinococcales","Deinococcaceae","Deinococcus"
"OTU882","Bacteria","Actinobacteria","Actinobacteria","Actinomycetales","Microbacteriaceae","unclassified_Microbacteriaceae"
"OTU440","Bacteria","Proteobacteria","Alphaproteobacteria","Sphingomonadales","Sphingomonadaceae","Novosphingobium"
"OTU232","Bacteria","Candidatus Saccharibacteria","unclassified_Candidatus Saccharibacteria","unclassified_Candidatus Saccharibacteria","unclassified_Candidatus Saccharibacteria","Saccharibacteria_genera_incertae_sedis"
"OTU978","Bacteria","Actinobacteria","Actinobacteria","Actinomycetales","Nocardioidaceae","Nocardioides"
"OTU1212","Bacteria","Firmicutes","Bacilli","Lactobacillales","Lactobacillaceae","Lactobacillus"
"OTU1985","Bacteria","Proteobacteria","unclassified_""Proteobacteria""","unclassified_""Proteobacteria""","unclassified_""Proteobacteria""","unclassified_""Proteobacteria"""
"OTU1531","Bacteria","Proteobacteria","unclassified_""Proteobacteria""","unclassified_""Proteobacteria""","unclassified_""Proteobacteria""","unclassified_""Proteobacteria"""
"OTU312","Bacteria","Actinobacteria","Actinobacteria","Actinomycetales","unclassified_Actinomycetales","unclassified_Actinomycetales"
"OTU1043","Bacteria","Firmicutes","Negativicutes","Selenomonadales","Veillonellaceae","Selenomonas"
"OTU1555","Bacteria","Firmicutes","Clostridia","Clostridiales","Ruminococcaceae","unclassified_Ruminococcaceae"
"OTU198","Bacteria","Firmicutes","Bacilli","Bacillales","Planococcaceae","Planococcus"
"OTU362","Bacteria","Bacteroidetes","Bacteroidia","Bacteroidales","Porphyromonadaceae","Porphyromonas"
"OTU1994","Bacteria","Bacteroidetes","Bacteroidia","Bacteroidales","Prevotellaceae","Prevotella"
"OTU88","Bacteria","Firmicutes","Bacilli","Lactobacillales","Aerococcaceae","Aerococcus"
"OTU1265","Bacteria","Firmicutes","Clostridia","Clostridiales","Ruminococcaceae","unclassified_Ruminococcaceae"
"OTU1271","Bacteria","Verrucomicrobia","Opitutae","Opitutales","Opitutaceae","Opitutus"
"OTU243","Bacteria","Proteobacteria","Betaproteobacteria","Burkholderiales","Comamonadaceae","Acidovorax"
"OTU209","Bacteria","Bacteroidetes","Flavobacteriia","Flavobacteriales","Flavobacteriaceae","Flavobacterium"
"OTU426","Bacteria","Firmicutes","Bacilli","Bacillales","Bacillaceae 1","Bacillus"
"OTU819","Bacteria","Actinobacteria","Actinobacteria","Solirubrobacterales","unclassified_Solirubrobacterales","unclassified_Solirubrobacterales"
"OTU441","Bacteria","Firmicutes","Clostridia","Clostridiales","Clostridiales_Incertae Sedis XI","Anaerococcus"
"OTU1371","Bacteria","Bacteroidetes","Bacteroidia","Bacteroidales","Porphyromonadaceae","Porphyromonas"
"OTU1415","Bacteria","Firmicutes","Bacilli","Bacillales","Planococcaceae","Planomicrobium"
"OTU1622","Bacteria","Firmicutes","Clostridia","Clostridiales","Ruminococcaceae","unclassified_Ruminococcaceae"
"OTU324","Bacteria","Firmicutes","Bacilli","Lactobacillales","Lactobacillaceae","Lactobacillus"
"OTU1197","Bacteria","Firmicutes","Bacilli","Lactobacillales","Carnobacteriaceae","Atopostipes"
"OTU903","Bacteria","Bacteroidetes","Bacteroidia","Bacteroidales","unclassified_""Bacteroidales""","unclassified_""Bacteroidales"""
"OTU58","Bacteria","Firmicutes","Clostridia","Clostridiales","Peptoniphilaceae","Peptoniphilus"
"OTU840","Bacteria","Proteobacteria","Alphaproteobacteria","Sphingomonadales","Sphingomonadaceae","Sphingobium"
"OTU1295","Bacteria","Firmicutes","Bacilli","Bacillales","Thermoactinomycetaceae 1","Laceyella"
"OTU1346","Bacteria","Firmicutes","Bacilli","Bacillales","Staphylococcaceae","Staphylococcus"
"OTU579","Bacteria","Firmicutes","Clostridia","Clostridiales","Lachnospiraceae","Clostridium XlVa"
"OTU581","Bacteria","Firmicutes","Bacilli","Lactobacillales","Lactobacillaceae","Lactobacillus"
"OTU797","Bacteria","Actinobacteria","Actinobacteria","Actinomycetales","unclassified_Actinomycetales","unclassified_Actinomycetales"
"OTU603","Bacteria","Proteobacteria","Alphaproteobacteria","Rhizobiales","Xanthobacteraceae","unclassified_Xanthobacteraceae"
"OTU133","Bacteria","Firmicutes","Clostridia","Clostridiales","Clostridiaceae 1","Clostridium sensu stricto"
"OTU496","Bacteria","Bacteroidetes","Cytophagia","Cytophagales","Cytophagaceae","Hymenobacter"
"OTU606","Bacteria","Bacteroidetes","Bacteroidia","Bacteroidales","Prevotellaceae","Prevotella"
"OTU1593","Bacteria","Actinobacteria","Actinobacteria","unclassified_Actinobacteria","unclassified_Actinobacteria","unclassified_Actinobacteria"
"OTU1815","Bacteria","Proteobacteria","Betaproteobacteria","Burkholderiales","Oxalobacteraceae","Massilia"
"OTU941","Bacteria","Proteobacteria","Betaproteobacteria","unclassified_Betaproteobacteria","unclassified_Betaproteobacteria","unclassified_Betaproteobacteria"
"OTU100","Bacteria","Proteobacteria","Alphaproteobacteria","Rhodobacterales","Rhodobacteraceae","Paracoccus"
"OTU720","Bacteria","Actinobacteria","Actinobacteria","Actinomycetales","Actinomycetaceae","Actinomyces"
"OTU425","Bacteria","Firmicutes","Bacilli","Bacillales","Planococcaceae","Chryseomicrobium"
"OTU226","Bacteria","Firmicutes","Bacilli","Bacillales","Bacillales_Incertae Sedis XII","Exiguobacterium"
"OTU997","Bacteria","Firmicutes","Clostridia","Clostridiales","unclassified_Clostridiales","unclassified_Clostridiales"
"OTU1053","Bacteria","Actinobacteria","Actinobacteria","Acidimicrobiales","unclassified_Acidimicrobiales","unclassified_Acidimicrobiales"
"OTU1339","Bacteria","Proteobacteria","Gammaproteobacteria","Pseudomonadales","Moraxellaceae","Acinetobacter"
"OTU1874","Bacteria","Actinobacteria","Actinobacteria","Actinomycetales","Dermacoccaceae","unclassified_Dermacoccaceae"
"OTU1789","Bacteria","Proteobacteria","Betaproteobacteria","Sulfuricellales","Sulfuricellaceae","Sulfuricella"
"OTU1173","Bacteria","Proteobacteria","Alphaproteobacteria","Caulobacterales","Caulobacteraceae","unclassified_Caulobacteraceae"
"OTU886","Bacteria","Bacteroidetes","Bacteroidia","Bacteroidales","Bacteroidaceae","Bacteroides"
"OTU1334","Bacteria","Firmicutes","Clostridia","Clostridiales","Lachnospiraceae","unclassified_Lachnospiraceae"
"OTU1259","Bacteria","Firmicutes","Clostridia","Clostridiales","Ruminococcaceae","unclassified_Ruminococcaceae"
"OTU936","Bacteria","Firmicutes","Clostridia","Clostridiales","Ruminococcaceae","unclassified_Ruminococcaceae"
"OTU392","Bacteria","Proteobacteria","Betaproteobacteria","Burkholderiales","Oxalobacteraceae","Janthinobacterium"
"OTU991","Bacteria","Firmicutes","Clostridia","Clostridiales","unclassified_Clostridiales","unclassified_Clostridiales"
"OTU256","Bacteria","Actinobacteria","Actinobacteria","Coriobacteriales","Coriobacteriaceae","Atopobium"
"OTU657","Bacteria","Bacteroidetes","Flavobacteriia","Flavobacteriales","Flavobacteriaceae","Chryseobacterium"
"OTU927","Bacteria","Proteobacteria","Epsilonproteobacteria","Campylobacterales","Campylobacteraceae","Campylobacter"
"OTU1048","Bacteria","Proteobacteria","Betaproteobacteria","Burkholderiales","Oxalobacteraceae","Massilia"
"OTU574","Bacteria","Firmicutes","Clostridia","Clostridiales","Lachnospiraceae","Roseburia"
"OTU1177","Bacteria","Actinobacteria","Actinobacteria","Actinomycetales","Pseudonocardiaceae","unclassified_Pseudonocardiaceae"
"OTU627","Bacteria","Proteobacteria","Alphaproteobacteria","Sphingomonadales","Sphingomonadaceae","unclassified_Sphingomonadaceae"
"OTU524","Bacteria","Bacteroidetes","Flavobacteriia","Flavobacteriales","Flavobacteriaceae","Chryseobacterium"
"OTU1696","Bacteria","Proteobacteria","Gammaproteobacteria","Pseudomonadales","Moraxellaceae","Acinetobacter"
"OTU1273","Bacteria","Proteobacteria","Betaproteobacteria","Burkholderiales","Oxalobacteraceae","Massilia"
"OTU1074","Bacteria","Bacteroidetes","Flavobacteriia","Flavobacteriales","Flavobacteriaceae","Empedobacter"
"OTU738","Bacteria","Actinobacteria","Actinobacteria","Actinomycetales","unclassified_Actinomycetales","unclassified_Actinomycetales"
"OTU1830","Bacteria","Proteobacteria","Gammaproteobacteria","Pseudomonadales","Moraxellaceae","Acinetobacter"
"OTU626","Bacteria","Actinobacteria","Actinobacteria","Actinomycetales","unclassified_Actinomycetales","unclassified_Actinomycetales"
"OTU1185","Bacteria","Bacteroidetes","Sphingobacteriia","Sphingobacteriales","Sphingobacteriaceae","Pedobacter"
"OTU1948","Bacteria","Firmicutes","Bacilli","Lactobacillales","Streptococcaceae","Streptococcus"
"OTU177","Bacteria","Proteobacteria","Betaproteobacteria","Burkholderiales","Oxalobacteraceae","Massilia"
"OTU1825","Bacteria","Proteobacteria","Gammaproteobacteria","Xanthomonadales","Xanthomonadaceae","Luteimonas"
"OTU1164","Bacteria","Actinobacteria","Actinobacteria","Actinomycetales","Micrococcaceae","Nesterenkonia"
"OTU1659","Bacteria","Proteobacteria","Gammaproteobacteria","Pseudomonadales","Pseudomonadaceae","Cellvibrio"
"OTU1166","Bacteria","Actinobacteria","Actinobacteria","Actinomycetales","Microbacteriaceae","unclassified_Microbacteriaceae"
"OTU245","Bacteria","Bacteroidetes","Sphingobacteriia","Sphingobacteriales","Sphingobacteriaceae","Sphingobacterium"
"OTU1352","Bacteria","Actinobacteria","Actinobacteria","Actinomycetales","unclassified_Actinomycetales","unclassified_Actinomycetales"
"OTU1866","Bacteria","Proteobacteria","Betaproteobacteria","Burkholderiales","Oxalobacteraceae","Massilia"
"OTU1124","Bacteria","Firmicutes","Negativicutes","Selenomonadales","Veillonellaceae","Selenomonas"
"OTU1315","Bacteria","Actinobacteria","Actinobacteria","Actinomycetales","Pseudonocardiaceae","Saccharopolyspora"
"OTU1342","Bacteria","Actinobacteria","Actinobacteria","Actinomycetales","Propionibacteriaceae","unclassified_Propionibacteriaceae"
"OTU1206","Bacteria","Bacteroidetes","Bacteroidia","Bacteroidales","Prevotellaceae","Prevotella"
"OTU276","Bacteria","Bacteroidetes","Flavobacteriia","Flavobacteriales","Flavobacteriaceae","unclassified_Flavobacteriaceae"
"OTU1312","Bacteria","Proteobacteria","Deltaproteobacteria","Desulfovibrionales","Desulfovibrionaceae","Desulfovibrio"
"OTU658","Bacteria","Proteobacteria","Betaproteobacteria","Rhodocyclales","Rhodocyclaceae","Propionivibrio"
"OTU851","Bacteria","Actinobacteria","Actinobacteria","Actinomycetales","Microbacteriaceae","unclassified_Microbacteriaceae"
"OTU1002","Bacteria","Bacteroidetes","Bacteroidia","Bacteroidales","Rikenellaceae","Alistipes"
"OTU770","Bacteria","Bacteroidetes","Sphingobacteriia","Sphingobacteriales","Sphingobacteriaceae","Pedobacter"
"OTU1158","Bacteria","Acidobacteria","Acidobacteria_Gp16","unclassified_Acidobacteria_Gp16","unclassified_Acidobacteria_Gp16","Gp16"
"OTU1284","Bacteria","Bacteroidetes","Sphingobacteriia","Sphingobacteriales","Sphingobacteriaceae","Olivibacter"
"OTU1487","Bacteria","Acidobacteria","Acidobacteria_Gp16","unclassified_Acidobacteria_Gp16","unclassified_Acidobacteria_Gp16","Gp16"
"OTU410","Bacteria","Firmicutes","Clostridia","Clostridiales","Ruminococcaceae","Ethanoligenens"
"OTU610","Bacteria","Proteobacteria","Alphaproteobacteria","Caulobacterales","Caulobacteraceae","Caulobacter"
"OTU1349","Bacteria","Bacteroidetes","Flavobacteriia","Flavobacteriales","Flavobacteriaceae","Chryseobacterium"
"OTU1213","Bacteria","Firmicutes","Bacilli","Bacillales","Planococcaceae","unclassified_Planococcaceae"
"OTU1192","Bacteria","Firmicutes","Clostridia","Clostridiales","Ruminococcaceae","unclassified_Ruminococcaceae"
"OTU1483","Bacteria","Bacteroidetes","Flavobacteriia","Flavobacteriales","Flavobacteriaceae","Flavobacterium"
"OTU1062","Bacteria","Actinobacteria","Actinobacteria","Actinomycetales","Brevibacteriaceae","Brevibacterium"
"OTU1512","Bacteria","Actinobacteria","Actinobacteria","Actinomycetales","Nocardioidaceae","Nocardioides"
"OTU1515","Bacteria","Proteobacteria","Gammaproteobacteria","Pseudomonadales","Moraxellaceae","Acinetobacter"
"OTU1093","Bacteria","Proteobacteria","Betaproteobacteria","Burkholderiales","Oxalobacteraceae","Massilia"
"OTU1625","Bacteria","Firmicutes","Clostridia","Clostridiales","Ruminococcaceae","Oscillibacter"
"OTU1386","Bacteria","Actinobacteria","Actinobacteria","Actinomycetales","Micrococcaceae","Arthrobacter"
"OTU1071","Bacteria","Proteobacteria","Alphaproteobacteria","Sphingomonadales","Sphingomonadaceae","unclassified_Sphingomonadaceae"
"OTU1299","Bacteria","Firmicutes","Clostridia","Clostridiales","Lachnospiraceae","Eisenbergiella"
"OTU1590","Bacteria","Bacteroidetes","Bacteroidia","Bacteroidales","Porphyromonadaceae","Porphyromonas"
"OTU379","Bacteria","Firmicutes","Bacilli","Lactobacillales","Streptococcaceae","Streptococcus"
"OTU409","Bacteria","Proteobacteria","Alphaproteobacteria","Caulobacterales","Caulobacteraceae","Asticcacaulis"
"OTU744","Bacteria","Gemmatimonadetes","Gemmatimonadetes","Gemmatimonadales","Gemmatimonadaceae","Gemmatimonas"
"OTU958","Bacteria","Proteobacteria","Betaproteobacteria","Neisseriales","Neisseriaceae","Eikenella"
"OTU722","Bacteria","Proteobacteria","Alphaproteobacteria","Rhodobacterales","Rhodobacteraceae","unclassified_Rhodobacteraceae"
"OTU1066","Bacteria","Proteobacteria","unclassified_""Proteobacteria""","unclassified_""Proteobacteria""","unclassified_""Proteobacteria""","unclassified_""Proteobacteria"""
"OTU1344","Bacteria","Bacteroidetes","Flavobacteriia","Flavobacteriales","Flavobacteriaceae","Flavobacterium"
"OTU1095","Bacteria","Bacteroidetes","Sphingobacteriia","Sphingobacteriales","Sphingobacteriaceae","Arcticibacter"
"OTU1769","Bacteria","Bacteroidetes","Sphingobacteriia","Sphingobacteriales","Chitinophagaceae","Ferruginibacter"
"OTU1824","Bacteria","unclassified_Bacteria","unclassified_Bacteria","unclassified_Bacteria","unclassified_Bacteria","unclassified_Bacteria"
"OTU762","Bacteria","Proteobacteria","Alphaproteobacteria","unclassified_Alphaproteobacteria","unclassified_Alphaproteobacteria","unclassified_Alphaproteobacteria"
"OTU1306","Bacteria","Actinobacteria","Actinobacteria","Solirubrobacterales","Solirubrobacteraceae","Solirubrobacter"
"OTU1149","Bacteria","Proteobacteria","Alphaproteobacteria","Sphingomonadales","Sphingomonadaceae","Novosphingobium"
"OTU911","Bacteria","Proteobacteria","Gammaproteobacteria","Xanthomonadales","Xanthomonadaceae","Stenotrophomonas"
"OTU1437","Bacteria","Actinobacteria","Actinobacteria","Actinomycetales","Mycobacteriaceae","Mycobacterium"
"OTU1586","Bacteria","Proteobacteria","Alphaproteobacteria","Rhodospirillales","Acetobacteraceae","Belnapia"
"OTU1468","Bacteria","Bacteroidetes","Cytophagia","Cytophagales","Cytophagaceae","Pontibacter"
"OTU1513","Bacteria","Proteobacteria","Betaproteobacteria","Rhodocyclales","Rhodocyclaceae","unclassified_Rhodocyclaceae"
"OTU995","Bacteria","Proteobacteria","Alphaproteobacteria","unclassified_Alphaproteobacteria","unclassified_Alphaproteobacteria","unclassified_Alphaproteobacteria"
"OTU1776","Bacteria","Proteobacteria","Gammaproteobacteria","Legionellales","Legionellaceae","Legionella"
"OTU1255","Bacteria","Proteobacteria","Alphaproteobacteria","Rhizobiales","Brucellaceae","Ochrobactrum"
"OTU1360","Bacteria","Proteobacteria","Betaproteobacteria","Burkholderiales","Oxalobacteraceae","Massilia"
"OTU1677","Bacteria","Bacteroidetes","Cytophagia","Cytophagales","unclassified_Cytophagales","unclassified_Cytophagales"
"OTU1328","Bacteria","Actinobacteria","Actinobacteria","Solirubrobacterales","unclassified_Solirubrobacterales","unclassified_Solirubrobacterales"
"OTU1732","Bacteria","Actinobacteria","Actinobacteria","Actinomycetales","Nocardioidaceae","Nocardioides"
"OTU1831","Bacteria","Proteobacteria","Gammaproteobacteria","Pseudomonadales","Moraxellaceae","Psychrobacter"
"OTU1107","Bacteria","Proteobacteria","Alphaproteobacteria","Sphingomonadales","Sphingomonadaceae","Sphingomonas"
"OTU793","Bacteria","Firmicutes","Clostridia","Clostridiales","Lachnospiraceae","unclassified_Lachnospiraceae"
"OTU1367","Bacteria","Spirochaetes","Spirochaetia","Spirochaetales","unclassified_Spirochaetales","unclassified_Spirochaetales"
"OTU777","Bacteria","Proteobacteria","Alphaproteobacteria","Rhizobiales","Rhodobiaceae","unclassified_Rhodobiaceae"
"OTU1063","Bacteria","Bacteroidetes","Sphingobacteriia","Sphingobacteriales","Sphingobacteriaceae","Pedobacter"
"OTU1482","Bacteria","Proteobacteria","Deltaproteobacteria","unclassified_Deltaproteobacteria","unclassified_Deltaproteobacteria","unclassified_Deltaproteobacteria"
"OTU1237","Bacteria","Planctomycetes","Phycisphaerae","Phycisphaerales","Phycisphaeraceae","Phycisphaera"
"OTU1425","Bacteria","Actinobacteria","Actinobacteria","Actinomycetales","Nocardioidaceae","Nocardioides"
"OTU367","Bacteria","Firmicutes","Negativicutes","Selenomonadales","Veillonellaceae","Veillonella"
"OTU1577","Bacteria","Proteobacteria","Gammaproteobacteria","Pasteurellales","Pasteurellaceae","Haemophilus"
"OTU469","Bacteria","Firmicutes","Clostridia","Clostridiales","Lachnospiraceae","Catonella"
"OTU1281","Bacteria","Proteobacteria","Alphaproteobacteria","Rhodospirillales","Rhodospirillaceae","Azospirillum"
"OTU765","Bacteria","Bacteroidetes","Flavobacteriia","Flavobacteriales","Flavobacteriaceae","Capnocytophaga"
"OTU1548","Bacteria","Proteobacteria","Gammaproteobacteria","Pasteurellales","Pasteurellaceae","unclassified_Pasteurellaceae"
"OTU624","Bacteria","Proteobacteria","Alphaproteobacteria","Rhizobiales","Xanthobacteraceae","unclassified_Xanthobacteraceae"
"OTU1392","Bacteria","Firmicutes","Clostridia","Clostridiales","Lachnospiraceae","unclassified_Lachnospiraceae"
"OTU1748","Bacteria","Actinobacteria","Actinobacteria","Solirubrobacterales","Conexibacteraceae","Conexibacter"
"OTU2024","Bacteria","Firmicutes","Clostridia","Clostridiales","Lachnospiraceae","Ruminococcus2"
"OTU1256","Bacteria","Proteobacteria","Alphaproteobacteria","Rhodospirillales","Rhodospirillaceae","unclassified_Rhodospirillaceae"
"OTU712","Bacteria","Proteobacteria","Alphaproteobacteria","Rhodobacterales","Rhodobacteraceae","Rubellimicrobium"
"OTU1764","Bacteria","Armatimonadetes","Fimbriimonadia","Fimbriimonadales","Fimbriimonadaceae","Fimbriimonas"
"OTU494","Bacteria","Actinobacteria","Actinobacteria","Solirubrobacterales","Solirubrobacteraceae","Solirubrobacter"
"OTU1279","Bacteria","Proteobacteria","Alphaproteobacteria","unclassified_Alphaproteobacteria","unclassified_Alphaproteobacteria","unclassified_Alphaproteobacteria"
"OTU1187","Bacteria","Acidobacteria","Acidobacteria_Gp1","unclassified_Acidobacteria_Gp1","unclassified_Acidobacteria_Gp1","Gp1"
"OTU1207","Bacteria","Proteobacteria","Alphaproteobacteria","Rhodobacterales","Rhodobacteraceae","unclassified_Rhodobacteraceae"
"OTU1356","Bacteria","Actinobacteria","Actinobacteria","Coriobacteriales","Coriobacteriaceae","Olsenella"
"OTU1465","Bacteria","unclassified_Bacteria","unclassified_Bacteria","unclassified_Bacteria","unclassified_Bacteria","unclassified_Bacteria"
"OTU1560","Bacteria","Bacteroidetes","Flavobacteriia","Flavobacteriales","Flavobacteriaceae","Chryseobacterium"
"OTU1406","Bacteria","Actinobacteria","Actinobacteria","Actinomycetales","Micrococcaceae","Micrococcus"
"OTU1935","Bacteria","Candidatus Saccharibacteria","unclassified_Candidatus Saccharibacteria","unclassified_Candidatus Saccharibacteria","unclassified_Candidatus Saccharibacteria","Saccharibacteria_genera_incertae_sedis"
"OTU1979","Bacteria","Actinobacteria","Actinobacteria","Actinomycetales","Microbacteriaceae","Agrococcus"
"OTU1901","Bacteria","Deinococcus-Thermus","Deinococci","Deinococcales","Deinococcaceae","Deinococcus"
"OTU1723","Bacteria","Actinobacteria","Actinobacteria","Actinomycetales","Nocardiopsaceae","Nocardiopsis"
"OTU771","Bacteria","Firmicutes","Clostridia","Clostridiales","Lachnospiraceae","unclassified_Lachnospiraceae"
"OTU1492","Bacteria","Firmicutes","Bacilli","Bacillales","Bacillaceae 1","Bacillus"
"OTU1475","Bacteria","Actinobacteria","Actinobacteria","Solirubrobacterales","unclassified_Solirubrobacterales","unclassified_Solirubrobacterales"
"OTU1805","Bacteria","Actinobacteria","Actinobacteria","Actinomycetales","Pseudonocardiaceae","Pseudonocardia"
"OTU1899","Bacteria","Firmicutes","Clostridia","Clostridiales","Clostridiaceae 1","Clostridium sensu stricto"
"OTU2029","Bacteria","Spirochaetes","Spirochaetia","Spirochaetales","Spirochaetaceae","Treponema"
"OTU715","Bacteria","Actinobacteria","Actinobacteria","Actinomycetales","Microbacteriaceae","Gulosibacter"
"OTU1145","Bacteria","Actinobacteria","Actinobacteria","Actinomycetales","Cellulomonadaceae","Cellulomonas"
"OTU1571","Bacteria","Actinobacteria","Actinobacteria","Actinomycetales","Bogoriellaceae","Georgenia"
"OTU1110","Bacteria","Firmicutes","Negativicutes","Selenomonadales","Veillonellaceae","Selenomonas"
"OTU1057","Bacteria","Proteobacteria","Betaproteobacteria","Neisseriales","Neisseriaceae","Neisseria"
"OTU1412","Bacteria","Bacteroidetes","unclassified_""Bacteroidetes""","unclassified_""Bacteroidetes""","unclassified_""Bacteroidetes""","unclassified_""Bacteroidetes"""
"OTU905","Bacteria","Actinobacteria","Actinobacteria","Actinomycetales","Propionibacteriaceae","unclassified_Propionibacteriaceae"
"OTU971","Bacteria","Firmicutes","Bacilli","Bacillales","Paenibacillaceae 1","Paenibacillus"
"OTU1150","Bacteria","Actinobacteria","Actinobacteria","Actinomycetales","Mycobacteriaceae","Mycobacterium"
"OTU1474","Bacteria","Proteobacteria","Gammaproteobacteria","Xanthomonadales","Xanthomonadaceae","unclassified_Xanthomonadaceae"
"OTU1452","Bacteria","Proteobacteria","Betaproteobacteria","Rhodocyclales","Rhodocyclaceae","unclassified_Rhodocyclaceae"
"OTU1470","Bacteria","Synergistetes","Synergistia","Synergistales","Synergistaceae","Jonquetella"
"OTU1357","Bacteria","unclassified_Bacteria","unclassified_Bacteria","unclassified_Bacteria","unclassified_Bacteria","unclassified_Bacteria"
"OTU1407","Bacteria","unclassified_Bacteria","unclassified_Bacteria","unclassified_Bacteria","unclassified_Bacteria","unclassified_Bacteria"
"OTU300","Bacteria","Proteobacteria","Betaproteobacteria","Burkholderiales","Oxalobacteraceae","Herbaspirillum"
"OTU1211","Bacteria","Proteobacteria","Alphaproteobacteria","Sphingomonadales","unclassified_Sphingomonadales","unclassified_Sphingomonadales"
"OTU1615","Bacteria","Firmicutes","Clostridia","Clostridiales","unclassified_Clostridiales","unclassified_Clostridiales"
"OTU647","Bacteria","Actinobacteria","Actinobacteria","Actinomycetales","Kineosporiaceae","Kineococcus"
"OTU1146","Bacteria","Chloroflexi","Anaerolineae","Anaerolineales","Anaerolineaceae","Longilinea"
"OTU1167","Bacteria","Bacteroidetes","Cytophagia","Cytophagales","Cytophagaceae","Spirosoma"
"OTU799","Bacteria","unclassified_Bacteria","unclassified_Bacteria","unclassified_Bacteria","unclassified_Bacteria","unclassified_Bacteria"
"OTU883","Bacteria","Actinobacteria","Actinobacteria","Solirubrobacterales","unclassified_Solirubrobacterales","unclassified_Solirubrobacterales"
"OTU600","Bacteria","Actinobacteria","Actinobacteria","Actinomycetales","Micrococcaceae","Garicola"
"OTU402","Bacteria","Bacteroidetes","Flavobacteriia","Flavobacteriales","Cryomorphaceae","Fluviicola"
"OTU885","Bacteria","Proteobacteria","Alphaproteobacteria","Rhodospirillales","Acetobacteraceae","unclassified_Acetobacteraceae"
"OTU1737","Bacteria","Bacteroidetes","Bacteroidia","Bacteroidales","Prevotellaceae","Prevotella"
"OTU1809","Bacteria","unclassified_Bacteria","unclassified_Bacteria","unclassified_Bacteria","unclassified_Bacteria","unclassified_Bacteria"
"OTU463","Bacteria","Proteobacteria","Betaproteobacteria","Burkholderiales","Comamonadaceae","unclassified_Comamonadaceae"
"OTU1533","Bacteria","unclassified_Bacteria","unclassified_Bacteria","unclassified_Bacteria","unclassified_Bacteria","unclassified_Bacteria"
"OTU1510","Bacteria","Candidatus Saccharibacteria","unclassified_Candidatus Saccharibacteria","unclassified_Candidatus Saccharibacteria","unclassified_Candidatus Saccharibacteria","Saccharibacteria_genera_incertae_sedis"
"OTU1395","Bacteria","Actinobacteria","Actinobacteria","Actinomycetales","Micrococcaceae","Arthrobacter"
"OTU1947","Bacteria","Bacteroidetes","Flavobacteriia","Flavobacteriales","Flavobacteriaceae","Chryseobacterium"
"OTU1608","Bacteria","Actinobacteria","Actinobacteria","Actinomycetales","Microbacteriaceae","Rathayibacter"
"OTU815","Bacteria","Bacteroidetes","Bacteroidia","Bacteroidales","Prevotellaceae","Alloprevotella"
"OTU1134","Bacteria","Actinobacteria","Actinobacteria","Actinomycetales","Micromonosporaceae","unclassified_Micromonosporaceae"
"OTU1832","Bacteria","Bacteroidetes","Sphingobacteriia","Sphingobacteriales","Chitinophagaceae","Terrimonas"
"OTU659","Bacteria","Bacteroidetes","Flavobacteriia","Flavobacteriales","Flavobacteriaceae","unclassified_Flavobacteriaceae"
"OTU1707","Bacteria","unclassified_Bacteria","unclassified_Bacteria","unclassified_Bacteria","unclassified_Bacteria","unclassified_Bacteria"
"OTU732","Bacteria","Bacteroidetes","Bacteroidia","Bacteroidales","Bacteroidaceae","Bacteroides"
"OTU377","Bacteria","Actinobacteria","Actinobacteria","Actinomycetales","unclassified_Actinomycetales","unclassified_Actinomycetales"
"OTU1355","Bacteria","Proteobacteria","Deltaproteobacteria","Desulfovibrionales","Desulfovibrionaceae","Desulfovibrio"
"OTU1509","Bacteria","Bacteroidetes","Bacteroidia","Bacteroidales","Bacteroidaceae","Bacteroides"
"OTU1579","Bacteria","Actinobacteria","Actinobacteria","Actinomycetales","unclassified_Actinomycetales","unclassified_Actinomycetales"
"OTU639","Bacteria","Firmicutes","Clostridia","Clostridiales","Lachnospiraceae","unclassified_Lachnospiraceae"
"OTU1148","Bacteria","Firmicutes","Negativicutes","Selenomonadales","Acidaminococcaceae","Phascolarctobacterium"
"OTU1378","Bacteria","Firmicutes","Clostridia","Clostridiales","Ruminococcaceae","unclassified_Ruminococcaceae"
"OTU1429","Bacteria","Actinobacteria","Actinobacteria","Coriobacteriales","Coriobacteriaceae","Collinsella"
"OTU1241","Bacteria","Bacteroidetes","Bacteroidia","Bacteroidales","Rikenellaceae","Alistipes"
"OTU1457","Bacteria","Firmicutes","Clostridia","Clostridiales","Ruminococcaceae","Butyricicoccus"
"OTU368","Bacteria","Candidatus Saccharibacteria","unclassified_Candidatus Saccharibacteria","unclassified_Candidatus Saccharibacteria","unclassified_Candidatus Saccharibacteria","Saccharibacteria_genera_incertae_sedis"
"OTU1414","Bacteria","Firmicutes","Clostridia","Clostridiales","Lachnospiraceae","Clostridium XlVa"
"OTU1726","Bacteria","Proteobacteria","Betaproteobacteria","Rhodocyclales","Rhodocyclaceae","Propionivibrio"
"OTU2000","Bacteria","Fusobacteria","Fusobacteriia","Fusobacteriales","Fusobacteriaceae","Fusobacterium"
"OTU382","Bacteria","Bacteroidetes","Bacteroidia","Bacteroidales","Bacteroidaceae","Bacteroides"
"OTU1433","Bacteria","Firmicutes","Clostridia","Clostridiales","Ruminococcaceae","Ruminococcus"
"OTU1542","Bacteria","Firmicutes","Clostridia","Clostridiales","unclassified_Clostridiales","unclassified_Clostridiales"
"OTU1714","Bacteria","Spirochaetes","Spirochaetia","Spirochaetales","Spirochaetaceae","Treponema"
"OTU1669","Bacteria","Proteobacteria","Betaproteobacteria","Burkholderiales","Burkholderiaceae","Ralstonia"
"OTU1754","Bacteria","Firmicutes","Clostridia","Clostridiales","Lachnospiraceae","unclassified_Lachnospiraceae"
"OTU1270","Bacteria","Firmicutes","Clostridia","Clostridiales","Lachnospiraceae","Clostridium XlVa"
"OTU1812","Bacteria","Proteobacteria","unclassified_""Proteobacteria""","unclassified_""Proteobacteria""","unclassified_""Proteobacteria""","unclassified_""Proteobacteria"""
"OTU285","Bacteria","Actinobacteria","Actinobacteria","Actinomycetales","Nocardioidaceae","unclassified_Nocardioidaceae"
"OTU1246","Bacteria","Gemmatimonadetes","Gemmatimonadetes","Gemmatimonadales","Gemmatimonadaceae","Gemmatimonas"
"OTU1309","Bacteria","Bacteroidetes","Cytophagia","Cytophagales","Cytophagaceae","Rufibacter"
"OTU1763","Bacteria","Actinobacteria","Actinobacteria","Actinomycetales","Intrasporangiaceae","unclassified_Intrasporangiaceae"
"OTU847","Bacteria","Bacteroidetes","Cytophagia","Cytophagales","Cytophagaceae","Fibrella"
"OTU1313","Bacteria","Acidobacteria","Acidobacteria_Gp6","unclassified_Acidobacteria_Gp6","unclassified_Acidobacteria_Gp6","Gp6"
"OTU875","Bacteria","Proteobacteria","Alphaproteobacteria","Rhodospirillales","Acetobacteraceae","unclassified_Acetobacteraceae"
"OTU30","Bacteria","Actinobacteria","Actinobacteria","Actinomycetales","Mycobacteriaceae","Mycobacterium"
"OTU773","Bacteria","Acidobacteria","Acidobacteria_Gp4","unclassified_Acidobacteria_Gp4","unclassified_Acidobacteria_Gp4","Blastocatella"
"OTU965","Bacteria","Proteobacteria","Deltaproteobacteria","Myxococcales","unclassified_Myxococcales","unclassified_Myxococcales"
"OTU576","Bacteria","Firmicutes","Erysipelotrichia","Erysipelotrichales","Erysipelotrichaceae","Clostridium XVIII"
"OTU1363","Bacteria","Bacteroidetes","Sphingobacteriia","Sphingobacteriales","Chitinophagaceae","Flavitalea"
"OTU1308","Bacteria","Firmicutes","Bacilli","Lactobacillales","Aerococcaceae","Eremococcus"
"OTU1552","Bacteria","Actinobacteria","Actinobacteria","unclassified_Actinobacteria","unclassified_Actinobacteria","unclassified_Actinobacteria"
"OTU507","Bacteria","Actinobacteria","Actinobacteria","Actinomycetales","Kineosporiaceae","Quadrisphaera"
"OTU1023","Bacteria","Actinobacteria","Actinobacteria","Actinomycetales","unclassified_Actinomycetales","unclassified_Actinomycetales"
"OTU1518","Bacteria","Bacteroidetes","Sphingobacteriia","Sphingobacteriales","Chitinophagaceae","unclassified_Chitinophagaceae"
"OTU1097","Bacteria","Firmicutes","Clostridia","Clostridiales","Peptostreptococcaceae","Peptostreptococcaceae_incertae_sedis"
"OTU1348","Bacteria","Actinobacteria","Actinobacteria","Actinomycetales","Tsukamurellaceae","Tsukamurella"
"OTU1566","Bacteria","Bacteroidetes","Bacteroidia","Bacteroidales","Bacteroidaceae","Bacteroides"
"OTU1203","Bacteria","Proteobacteria","Betaproteobacteria","Burkholderiales","unclassified_Burkholderiales","unclassified_Burkholderiales"
"OTU1280","Bacteria","Firmicutes","Bacilli","Bacillales","Staphylococcaceae","Nosocomiicoccus"
"OTU1690","Bacteria","Planctomycetes","Planctomycetia","Planctomycetales","Planctomycetaceae","unclassified_Planctomycetaceae"
"OTU1307","Bacteria","Actinobacteria","Actinobacteria","Actinomycetales","Intrasporangiaceae","Knoellia"
"OTU1575","Bacteria","Acidobacteria","Acidobacteria_Gp4","unclassified_Acidobacteria_Gp4","unclassified_Acidobacteria_Gp4","Aridibacter"
"OTU1375","Bacteria","Bacteroidetes","Flavobacteriia","Flavobacteriales","Flavobacteriaceae","Flavobacterium"
"OTU1219","Bacteria","Bacteroidetes","Flavobacteriia","Flavobacteriales","unclassified_""Flavobacteriales""","unclassified_""Flavobacteriales"""
"OTU1462","Bacteria","Proteobacteria","Betaproteobacteria","Burkholderiales","Alcaligenaceae","Oligella"
"OTU1401","Bacteria","Firmicutes","Clostridia","Clostridiales","unclassified_Clostridiales","unclassified_Clostridiales"
"OTU1650","Bacteria","Proteobacteria","Betaproteobacteria","Burkholderiales","Oxalobacteraceae","unclassified_Oxalobacteraceae"
"OTU1454","Bacteria","Proteobacteria","Alphaproteobacteria","unclassified_Alphaproteobacteria","unclassified_Alphaproteobacteria","unclassified_Alphaproteobacteria"
"OTU1391","Bacteria","Proteobacteria","Gammaproteobacteria","Xanthomonadales","Xanthomonadaceae","Silanimonas"
"OTU1813","Bacteria","Actinobacteria","Actinobacteria","Actinomycetales","Corynebacteriaceae","Corynebacterium"
"OTU702","Bacteria","Actinobacteria","Actinobacteria","Solirubrobacterales","unclassified_Solirubrobacterales","unclassified_Solirubrobacterales"
"OTU1176","Bacteria","Actinobacteria","Actinobacteria","Actinomycetales","Pseudonocardiaceae","Actinomycetospora"
"OTU665","Bacteria","Proteobacteria","Betaproteobacteria","Burkholderiales","Comamonadaceae","Hydrogenophaga"
"OTU940","Bacteria","Firmicutes","Bacilli","Bacillales","Bacillaceae 1","Aeribacillus"
"OTU925","Bacteria","Candidatus Saccharibacteria","unclassified_Candidatus Saccharibacteria","unclassified_Candidatus Saccharibacteria","unclassified_Candidatus Saccharibacteria","Saccharibacteria_genera_incertae_sedis"
"OTU1596","Bacteria","unclassified_Bacteria","unclassified_Bacteria","unclassified_Bacteria","unclassified_Bacteria","unclassified_Bacteria"
"OTU508","Bacteria","Actinobacteria","Actinobacteria","Solirubrobacterales","Patulibacteraceae","Patulibacter"
"OTU850","Bacteria","Actinobacteria","unclassified_""Actinobacteria""","unclassified_""Actinobacteria""","unclassified_""Actinobacteria""","unclassified_""Actinobacteria"""
"OTU922","Bacteria","Actinobacteria","Actinobacteria","Actinomycetales","Microbacteriaceae","Agrococcus"
"OTU1139","Bacteria","Planctomycetes","Planctomycetia","Planctomycetales","Planctomycetaceae","unclassified_Planctomycetaceae"
"OTU1761","Bacteria","Proteobacteria","Gammaproteobacteria","unclassified_Gammaproteobacteria","unclassified_Gammaproteobacteria","unclassified_Gammaproteobacteria"
"OTU1472","Bacteria","Proteobacteria","Alphaproteobacteria","Sphingomonadales","Sphingomonadaceae","Sphingomonas"
"OTU1758","Bacteria","Proteobacteria","Gammaproteobacteria","Pseudomonadales","Moraxellaceae","Acinetobacter"
"OTU842","Bacteria","Actinobacteria","Actinobacteria","Actinomycetales","Kineosporiaceae","Kineococcus"
"OTU572","Bacteria","Proteobacteria","Alphaproteobacteria","Sphingomonadales","Sphingomonadaceae","Sphingomonas"
"OTU852","Bacteria","Actinobacteria","Actinobacteria","Actinomycetales","Microbacteriaceae","Microbacterium"
"OTU1681","Bacteria","Chloroflexi","Chloroflexia","Kallotenuales","Kallotenuaceae","Kallotenue"
"OTU1136","Bacteria","Bacteroidetes","Cytophagia","Cytophagales","Cyclobacteriaceae","Algoriphagus"
"OTU1032","Bacteria","Bacteroidetes","Bacteroidia","Bacteroidales","Prevotellaceae","Prevotella"
"OTU582","Bacteria","Firmicutes","Bacilli","Bacillales","Paenibacillaceae 1","Paenibacillus"
"OTU723","Bacteria","Firmicutes","Bacilli","Bacillales","Planococcaceae","Lysinibacillus"
"OTU1289","Bacteria","Proteobacteria","Betaproteobacteria","Rhodocyclales","Rhodocyclaceae","Zoogloea"
"OTU520","Bacteria","Proteobacteria","Betaproteobacteria","Burkholderiales","Comamonadaceae","Acidovorax"
"OTU293","Bacteria","Firmicutes","Clostridia","Clostridiales","unclassified_Clostridiales","unclassified_Clostridiales"
"OTU1361","Bacteria","Bacteroidetes","Cytophagia","Cytophagales","Cytophagaceae","Hymenobacter"
"OTU1849","Bacteria","Actinobacteria","Actinobacteria","Actinomycetales","Actinomycetaceae","Actinomyces"
"OTU1521","Bacteria","Firmicutes","Clostridia","unclassified_Clostridia","unclassified_Clostridia","unclassified_Clostridia"
"OTU1779","Bacteria","Proteobacteria","Betaproteobacteria","Burkholderiales","Oxalobacteraceae","Massilia"
"OTU1601","Bacteria","Actinobacteria","Actinobacteria","Actinomycetales","Corynebacteriaceae","Corynebacterium"
"OTU1137","Bacteria","Proteobacteria","Alphaproteobacteria","Rhodospirillales","Acetobacteraceae","unclassified_Acetobacteraceae"
"OTU980","Bacteria","Bacteroidetes","Sphingobacteriia","Sphingobacteriales","Sphingobacteriaceae","Mucilaginibacter"
"OTU1331","Bacteria","Proteobacteria","Alphaproteobacteria","Rhizobiales","Hyphomicrobiaceae","Hyphomicrobium"
"OTU1632","Bacteria","unclassified_Bacteria","unclassified_Bacteria","unclassified_Bacteria","unclassified_Bacteria","unclassified_Bacteria"
"OTU1855","Bacteria","Actinobacteria","Actinobacteria","Actinomycetales","unclassified_Actinomycetales","unclassified_Actinomycetales"
"OTU1227","Bacteria","Firmicutes","Clostridia","Clostridiales","Clostridiales_Incertae Sedis XI","Anaerococcus"
"OTU1549","Bacteria","Bacteroidetes","Flavobacteriia","Flavobacteriales","Flavobacteriaceae","Flavobacterium"
"OTU1800","Bacteria","Bacteroidetes","Sphingobacteriia","Sphingobacteriales","Chitinophagaceae","Ferruginibacter"
"OTU1879","Bacteria","Proteobacteria","Gammaproteobacteria","Oceanospirillales","Halomonadaceae","Halomonas"
"OTU1760","Bacteria","Actinobacteria","Actinobacteria","Solirubrobacterales","Patulibacteraceae","Patulibacter"
"OTU2018","Bacteria","Actinobacteria","Actinobacteria","Actinomycetales","Propionibacteriaceae","Propionibacterium"
"OTU1035","Bacteria","Bacteroidetes","Flavobacteriia","Flavobacteriales","Flavobacteriaceae","Flavobacterium"
"OTU1441","Bacteria","Firmicutes","Bacilli","Bacillales","Staphylococcaceae","Salinicoccus"
"OTU2017","Bacteria","Proteobacteria","Gammaproteobacteria","Pseudomonadales","Moraxellaceae","Psychrobacter"
"OTU1833","Bacteria","Firmicutes","Clostridia","Clostridiales","Peptostreptococcaceae","Romboutsia"
"OTU810","Bacteria","Bacteroidetes","Flavobacteriia","Flavobacteriales","Flavobacteriaceae","Capnocytophaga"
"OTU1887","Bacteria","Actinobacteria","Actinobacteria","Rubrobacterales","Rubrobacteraceae","Rubrobacter"
"OTU964","Bacteria","Actinobacteria","Actinobacteria","Actinomycetales","Microbacteriaceae","unclassified_Microbacteriaceae"
"OTU1024","Bacteria","Proteobacteria","Betaproteobacteria","Methylophilales","Methylophilaceae","Methylobacillus"
"OTU834","Bacteria","Firmicutes","Bacilli","Bacillales","Bacillaceae 1","Bacillus"
"OTU1469","Bacteria","Proteobacteria","unclassified_""Proteobacteria""","unclassified_""Proteobacteria""","unclassified_""Proteobacteria""","unclassified_""Proteobacteria"""
"OTU1827","Bacteria","Proteobacteria","Betaproteobacteria","Methylophilales","Methylophilaceae","unclassified_Methylophilaceae"
"OTU1498","Bacteria","Proteobacteria","Alphaproteobacteria","Rhodospirillales","Acetobacteraceae","Craurococcus"
"OTU1658","Bacteria","Proteobacteria","Deltaproteobacteria","Myxococcales","unclassified_Myxococcales","unclassified_Myxococcales"
"OTU1096","Bacteria","Proteobacteria","Alphaproteobacteria","Rhizobiales","Aurantimonadaceae","Aureimonas"
"OTU1600","Bacteria","Proteobacteria","Alphaproteobacteria","unclassified_Alphaproteobacteria","unclassified_Alphaproteobacteria","unclassified_Alphaproteobacteria"
"OTU1728","Bacteria","Acidobacteria","Acidobacteria_Gp4","unclassified_Acidobacteria_Gp4","unclassified_Acidobacteria_Gp4","Gp4"
"OTU1631","Bacteria","Proteobacteria","Alphaproteobacteria","Rhizobiales","Aurantimonadaceae","Aureimonas"
"OTU1689","Bacteria","Proteobacteria","Betaproteobacteria","unclassified_Betaproteobacteria","unclassified_Betaproteobacteria","unclassified_Betaproteobacteria"
"OTU1645","Bacteria","Firmicutes","Bacilli","Lactobacillales","Aerococcaceae","Facklamia"
"OTU1785","Bacteria","Bacteroidetes","Flavobacteriia","Flavobacteriales","Flavobacteriaceae","Flavobacterium"
"OTU1619","Bacteria","Actinobacteria","Actinobacteria","Actinomycetales","Corynebacteriaceae","Corynebacterium"
"OTU1471","Bacteria","Proteobacteria","Alphaproteobacteria","Rhizobiales","Aurantimonadaceae","Aureimonas"
"OTU1720","Bacteria","Firmicutes","Erysipelotrichia","Erysipelotrichales","Erysipelotrichaceae","Coprobacillus"
"OTU1111","Bacteria","Actinobacteria","Actinobacteria","Solirubrobacterales","Solirubrobacteraceae","Solirubrobacter"
"OTU1341","Bacteria","Proteobacteria","Alphaproteobacteria","unclassified_Alphaproteobacteria","unclassified_Alphaproteobacteria","unclassified_Alphaproteobacteria"
"OTU1522","Bacteria","Proteobacteria","Gammaproteobacteria","Enterobacteriales","Enterobacteriaceae","Providencia"
"OTU2005","Bacteria","Deinococcus-Thermus","Deinococci","Thermales","Thermaceae","Meiothermus"
"OTU1869","Bacteria","unclassified_Bacteria","unclassified_Bacteria","unclassified_Bacteria","unclassified_Bacteria","unclassified_Bacteria"
"OTU1574","Bacteria","Proteobacteria","Alphaproteobacteria","unclassified_Alphaproteobacteria","unclassified_Alphaproteobacteria","unclassified_Alphaproteobacteria"
"OTU1132","Bacteria","Planctomycetes","Phycisphaerae","unclassified_Phycisphaerae","unclassified_Phycisphaerae","unclassified_Phycisphaerae"
"OTU2004","Bacteria","Actinobacteria","Actinobacteria","Actinomycetales","Corynebacteriaceae","Corynebacterium"
"OTU1878","Bacteria","Firmicutes","Negativicutes","Selenomonadales","Veillonellaceae","Dialister"
"OTU2003","Bacteria","unclassified_Bacteria","unclassified_Bacteria","unclassified_Bacteria","unclassified_Bacteria","unclassified_Bacteria"
"OTU359","Bacteria","Actinobacteria","Actinobacteria","Actinomycetales","Corynebacteriaceae","Corynebacterium"
"OTU1987","Bacteria","Firmicutes","Clostridia","Clostridiales","unclassified_Clostridiales","unclassified_Clostridiales"
"OTU1928","Bacteria","Actinobacteria","Actinobacteria","Actinomycetales","Brevibacteriaceae","Brevibacterium"
"OTU2001","Bacteria","Proteobacteria","Alphaproteobacteria","Sphingomonadales","Sphingomonadaceae","Sphingomonas"
"OTU1052","Bacteria","Firmicutes","Bacilli","Bacillales","Bacillaceae 1","Bacillus"
"OTU1628","Bacteria","Planctomycetes","Planctomycetia","Planctomycetales","Planctomycetaceae","Planctomicrobium"
"OTU1630","Bacteria","Firmicutes","Bacilli","Lactobacillales","Aerococcaceae","unclassified_Aerococcaceae"
"OTU1745","Bacteria","Actinobacteria","Actinobacteria","Actinomycetales","Cellulomonadaceae","Cellulomonas"
"OTU1588","Bacteria","unclassified_Bacteria","unclassified_Bacteria","unclassified_Bacteria","unclassified_Bacteria","unclassified_Bacteria"
"OTU804","Bacteria","Actinobacteria","Actinobacteria","Actinomycetales","Nocardioidaceae","Nocardioides"
"OTU219","Bacteria","Proteobacteria","Alphaproteobacteria","Rhizobiales","Rhizobiales_incertae_sedis","Phreatobacter"
"OTU864","Bacteria","Firmicutes","unclassified_Firmicutes","unclassified_Firmicutes","unclassified_Firmicutes","unclassified_Firmicutes"
"OTU1179","Bacteria","Proteobacteria","Betaproteobacteria","Burkholderiales","Oxalobacteraceae","Duganella"
"OTU1109","Bacteria","Actinobacteria","Actinobacteria","Acidimicrobiales","unclassified_Acidimicrobiales","unclassified_Acidimicrobiales"
"OTU1561","Bacteria","Proteobacteria","Deltaproteobacteria","Myxococcales","unclassified_Myxococcales","unclassified_Myxococcales"
"OTU1647","Bacteria","Bacteroidetes","Flavobacteriia","Flavobacteriales","Flavobacteriaceae","Flavobacterium"
"OTU474","Bacteria","Proteobacteria","Alphaproteobacteria","Caulobacterales","Caulobacteraceae","Phenylobacterium"
"OTU395","Bacteria","Actinobacteria","Actinobacteria","Actinomycetales","Intrasporangiaceae","Phycicoccus"
"OTU1668","Bacteria","Proteobacteria","Gammaproteobacteria","Pseudomonadales","Pseudomonadaceae","Rhizobacter"
"OTU1872","Bacteria","Firmicutes","Bacilli","Lactobacillales","Carnobacteriaceae","Atopostipes"
"OTU698","Bacteria","Actinobacteria","Actinobacteria","Actinomycetales","Geodermatophilaceae","Geodermatophilus"
"OTU1398","Bacteria","Firmicutes","Bacilli","Bacillales","Listeriaceae","Listeria"
"OTU1105","Bacteria","Actinobacteria","Actinobacteria","Actinomycetales","Micrococcaceae","unclassified_Micrococcaceae"
"OTU944","Bacteria","Firmicutes","Clostridia","Clostridiales","Lachnospiraceae","unclassified_Lachnospiraceae"
"OTU478","Bacteria","Firmicutes","Clostridia","Clostridiales","Ruminococcaceae","unclassified_Ruminococcaceae"
"OTU468","Bacteria","Firmicutes","Bacilli","Bacillales","Bacillaceae 1","Bacillus"
"OTU1581","Bacteria","Proteobacteria","unclassified_""Proteobacteria""","unclassified_""Proteobacteria""","unclassified_""Proteobacteria""","unclassified_""Proteobacteria"""
"OTU893","Bacteria","Firmicutes","Bacilli","Lactobacillales","Leuconostocaceae","unclassified_Leuconostocaceae"
"OTU1243","Bacteria","Planctomycetes","Planctomycetia","Planctomycetales","Planctomycetaceae","unclassified_Planctomycetaceae"
"OTU877","Bacteria","unclassified_Bacteria","unclassified_Bacteria","unclassified_Bacteria","unclassified_Bacteria","unclassified_Bacteria"
"OTU1075","Bacteria","Actinobacteria","Actinobacteria","Actinomycetales","Micromonosporaceae","Micromonospora"
"OTU1041","Bacteria","Firmicutes","Clostridia","Clostridiales","Ruminococcaceae","unclassified_Ruminococcaceae"
"OTU389","Bacteria","Firmicutes","Bacilli","Bacillales","Bacillaceae 1","Caldibacillus"
"OTU1584","Bacteria","Aquificae","Aquificae","Aquificales","Hydrogenothermaceae","Sulfurihydrogenibium"
"OTU616","Bacteria","Actinobacteria","unclassified_""Actinobacteria""","unclassified_""Actinobacteria""","unclassified_""Actinobacteria""","unclassified_""Actinobacteria"""
"OTU170","Bacteria","Firmicutes","Bacilli","Lactobacillales","Lactobacillaceae","Lactobacillus"
"OTU45","Bacteria","Bacteroidetes","Flavobacteriia","Flavobacteriales","Flavobacteriaceae","Chryseobacterium"
"OTU56","Bacteria","Proteobacteria","Betaproteobacteria","Burkholderiales","Comamonadaceae","Comamonas"
"OTU498","Bacteria","Bacteroidetes","Bacteroidia","Bacteroidales","Prevotellaceae","Alloprevotella"
"OTU1390","Bacteria","Proteobacteria","Gammaproteobacteria","Pseudomonadales","Moraxellaceae","Alkanindiges"
"OTU518","Bacteria","Bacteroidetes","Bacteroidia","Bacteroidales","Bacteroidaceae","Bacteroides"
"OTU1186","Bacteria","Deinococcus-Thermus","Deinococci","Deinococcales","Deinococcaceae","Deinococcus"
"OTU1959","Bacteria","Proteobacteria","Gammaproteobacteria","Enterobacteriales","Enterobacteriaceae","Pantoea"
"OTU1108","Bacteria","Bacteroidetes","Cytophagia","Cytophagales","Cytophagaceae","Hymenobacter"
"OTU542","Bacteria","Bacteroidetes","unclassified_""Bacteroidetes""","unclassified_""Bacteroidetes""","unclassified_""Bacteroidetes""","unclassified_""Bacteroidetes"""
"OTU1049","Bacteria","Proteobacteria","unclassified_""Proteobacteria""","unclassified_""Proteobacteria""","unclassified_""Proteobacteria""","unclassified_""Proteobacteria"""
"OTU1393","Bacteria","Actinobacteria","unclassified_""Actinobacteria""","unclassified_""Actinobacteria""","unclassified_""Actinobacteria""","unclassified_""Actinobacteria"""
"OTU831","Bacteria","Proteobacteria","Alphaproteobacteria","Caulobacterales","Caulobacteraceae","Phenylobacterium"
"OTU182","Bacteria","Deinococcus-Thermus","Deinococci","Deinococcales","Deinococcaceae","Deinococcus"
"OTU986","Bacteria","Bacteroidetes","Flavobacteriia","Flavobacteriales","Flavobacteriaceae","Flavobacterium"
"OTU818","Bacteria","Proteobacteria","Alphaproteobacteria","Rhodospirillales","Rhodospirillaceae","Telmatospirillum"
"OTU1042","Bacteria","Actinobacteria","Actinobacteria","Gaiellales","Gaiellaceae","Gaiella"
"OTU969","Bacteria","Proteobacteria","Alphaproteobacteria","unclassified_Alphaproteobacteria","unclassified_Alphaproteobacteria","unclassified_Alphaproteobacteria"
"OTU1568","Bacteria","Bacteroidetes","Bacteroidia","Bacteroidales","unclassified_""Bacteroidales""","unclassified_""Bacteroidales"""
"OTU513","Bacteria","Firmicutes","Bacilli","Bacillales","Paenibacillaceae 1","Cohnella"
"OTU559","Bacteria","Proteobacteria","Alphaproteobacteria","Rhodospirillales","Acetobacteraceae","Rhodovarius"
"OTU1106","Bacteria","Proteobacteria","unclassified_""Proteobacteria""","unclassified_""Proteobacteria""","unclassified_""Proteobacteria""","unclassified_""Proteobacteria"""
"OTU2030","Bacteria","Actinobacteria","Actinobacteria","Actinomycetales","Micrococcaceae","Arthrobacter"
"OTU890","Bacteria","Proteobacteria","Betaproteobacteria","Burkholderiales","unclassified_Burkholderiales","unclassified_Burkholderiales"
"OTU1325","Bacteria","Bacteroidetes","Flavobacteriia","Flavobacteriales","Flavobacteriaceae","Riemerella"
"OTU946","Bacteria","Planctomycetes","Planctomycetia","Planctomycetales","Planctomycetaceae","unclassified_Planctomycetaceae"
"OTU1520","Bacteria","Chloroflexi","Caldilineae","Caldilineales","Caldilineaceae","unclassified_Caldilineaceae"
"OTU1799","Bacteria","Actinobacteria","Actinobacteria","Bifidobacteriales","Bifidobacteriaceae","Bifidobacterium"
"OTU816","Bacteria","Firmicutes","Clostridia","Clostridiales","Peptostreptococcaceae","Terrisporobacter"
"OTU827","Bacteria","Actinobacteria","Actinobacteria","Actinomycetales","Nocardioidaceae","Nocardioides"
"OTU734","Bacteria","Actinobacteria","Actinobacteria","Actinomycetales","Nocardioidaceae","Aeromicrobium"
"OTU862","Bacteria","Bacteroidetes","Cytophagia","Cytophagales","Cytophagaceae","Hymenobacter"
"OTU1152","Bacteria","Proteobacteria","Betaproteobacteria","Rhodocyclales","Rhodocyclaceae","unclassified_Rhodocyclaceae"
"OTU1558","Bacteria","Firmicutes","Bacilli","Bacillales","Staphylococcaceae","Nosocomiicoccus"
"OTU1507","Bacteria","Proteobacteria","Alphaproteobacteria","Rhodobacterales","Rhodobacteraceae","Amaricoccus"
"OTU1583","Bacteria","Actinobacteria","Actinobacteria","Gaiellales","Gaiellaceae","Gaiella"
"OTU577","Bacteria","Actinobacteria","Actinobacteria","Actinomycetales","Microbacteriaceae","unclassified_Microbacteriaceae"
"OTU1317","Bacteria","Actinobacteria","Actinobacteria","Actinomycetales","Actinomycetaceae","Actinomyces"
"OTU1844","Bacteria","Proteobacteria","Gammaproteobacteria","Enterobacteriales","Enterobacteriaceae","Raoultella"
"OTU1046","Bacteria","Planctomycetes","Planctomycetia","Planctomycetales","Planctomycetaceae","unclassified_Planctomycetaceae"
"OTU778","Bacteria","Bacteroidetes","Cytophagia","Cytophagales","Cytophagaceae","Hymenobacter"
"OTU1142","Bacteria","Proteobacteria","Alphaproteobacteria","Rhizobiales","Xanthobacteraceae","unclassified_Xanthobacteraceae"
"OTU1113","Bacteria","Bacteroidetes","Flavobacteriia","Flavobacteriales","Flavobacteriaceae","unclassified_Flavobacteriaceae"
"OTU1731","Bacteria","unclassified_Bacteria","unclassified_Bacteria","unclassified_Bacteria","unclassified_Bacteria","unclassified_Bacteria"
"OTU1892","Bacteria","Actinobacteria","Actinobacteria","Acidimicrobiales","Iamiaceae","Iamia"
"OTU1553","Bacteria","Firmicutes","Clostridia","Clostridiales","Clostridiales_Incertae Sedis XVII","Thermaerobacter"
"OTU641","Bacteria","Actinobacteria","Actinobacteria","Actinomycetales","Microbacteriaceae","Zimmermannella"
"OTU1127","Bacteria","Parcubacteria","unclassified_Parcubacteria","unclassified_Parcubacteria","unclassified_Parcubacteria","Parcubacteria_genera_incertae_sedis"
"OTU874","Bacteria","Actinobacteria","Actinobacteria","Actinomycetales","unclassified_Actinomycetales","unclassified_Actinomycetales"
"OTU1242","Bacteria","Proteobacteria","Alphaproteobacteria","Sphingomonadales","Sphingomonadaceae","unclassified_Sphingomonadaceae"
"OTU1541","Bacteria","Actinobacteria","Actinobacteria","Acidimicrobiales","Acidimicrobiaceae","Ilumatobacter"
"OTU902","Bacteria","Deinococcus-Thermus","Deinococci","Deinococcales","Deinococcaceae","Deinococcus"
"OTU652","Bacteria","Bacteroidetes","Bacteroidia","Bacteroidales","Prevotellaceae","Alloprevotella"
"OTU1022","Bacteria","Proteobacteria","Alphaproteobacteria","Rhodospirillales","Acetobacteraceae","unclassified_Acetobacteraceae"
"OTU736","Bacteria","Proteobacteria","Alphaproteobacteria","Rhodospirillales","Acetobacteraceae","unclassified_Acetobacteraceae"
"OTU782","Bacteria","Bacteroidetes","Cytophagia","Cytophagales","Cytophagaceae","Spirosoma"
"OTU453","Bacteria","Actinobacteria","Actinobacteria","Actinomycetales","Intrasporangiaceae","Serinicoccus"
"OTU1298","Bacteria","Proteobacteria","Deltaproteobacteria","Myxococcales","unclassified_Myxococcales","unclassified_Myxococcales"
"OTU553","Bacteria","Firmicutes","Clostridia","Clostridiales","Ruminococcaceae","unclassified_Ruminococcaceae"
"OTU1821","Bacteria","Actinobacteria","Actinobacteria","Actinomycetales","Intrasporangiaceae","unclassified_Intrasporangiaceae"
"OTU682","Bacteria","Firmicutes","Clostridia","Clostridiales","Lachnospiraceae","unclassified_Lachnospiraceae"
"OTU806","Bacteria","Actinobacteria","Actinobacteria","Actinomycetales","Microbacteriaceae","Microbacterium"
"OTU1101","Bacteria","Verrucomicrobia","unclassified_""Verrucomicrobia""","unclassified_""Verrucomicrobia""","unclassified_""Verrucomicrobia""","unclassified_""Verrucomicrobia"""
"OTU1795","Bacteria","Proteobacteria","Alphaproteobacteria","Sphingomonadales","Sphingomonadaceae","unclassified_Sphingomonadaceae"
"OTU800","Bacteria","Firmicutes","Bacilli","Lactobacillales","Lactobacillaceae","Lactobacillus"
"OTU607","Bacteria","Firmicutes","Bacilli","Lactobacillales","Leuconostocaceae","Leuconostoc"
"OTU1277","Bacteria","Proteobacteria","Deltaproteobacteria","Myxococcales","Labilitrichaceae","Labilithrix"
"OTU1034","Bacteria","Firmicutes","Bacilli","Bacillales","Paenibacillaceae 1","Saccharibacillus"
"OTU1387","Bacteria","unclassified_Bacteria","unclassified_Bacteria","unclassified_Bacteria","unclassified_Bacteria","unclassified_Bacteria"
"OTU742","Bacteria","Actinobacteria","Actinobacteria","Actinomycetales","Cellulomonadaceae","Cellulomonas"
"OTU1497","Bacteria","Firmicutes","Bacilli","Lactobacillales","Streptococcaceae","Lactococcus"
"OTU849","Bacteria","Bacteroidetes","Cytophagia","Cytophagales","Cytophagaceae","Spirosoma"
"OTU590","Bacteria","Actinobacteria","Actinobacteria","Actinomycetales","Microbacteriaceae","unclassified_Microbacteriaceae"
"OTU726","Bacteria","Actinobacteria","Actinobacteria","Actinomycetales","Microbacteriaceae","Herbiconiux"
"OTU1875","Bacteria","Proteobacteria","Gammaproteobacteria","unclassified_Gammaproteobacteria","unclassified_Gammaproteobacteria","unclassified_Gammaproteobacteria"
"OTU938","Bacteria","Firmicutes","Clostridia","Clostridiales","Lachnospiraceae","unclassified_Lachnospiraceae"
"OTU656","Bacteria","Chloroflexi","unclassified_""Chloroflexi""","unclassified_""Chloroflexi""","unclassified_""Chloroflexi""","unclassified_""Chloroflexi"""
"OTU516","Bacteria","Acidobacteria","Acidobacteria_Gp16","unclassified_Acidobacteria_Gp16","unclassified_Acidobacteria_Gp16","Gp16"
"OTU311","Bacteria","Firmicutes","Clostridia","Clostridiales","Peptostreptococcaceae","Clostridium XI"
"OTU693","Bacteria","Proteobacteria","Betaproteobacteria","Burkholderiales","Burkholderiales_incertae_sedis","Aquabacterium"
"OTU477","Bacteria","Acidobacteria","Acidobacteria_Gp6","unclassified_Acidobacteria_Gp6","unclassified_Acidobacteria_Gp6","Gp6"
"OTU854","Bacteria","Planctomycetes","Planctomycetia","Planctomycetales","Planctomycetaceae","unclassified_Planctomycetaceae"
"OTU364","Bacteria","unclassified_Bacteria","unclassified_Bacteria","unclassified_Bacteria","unclassified_Bacteria","unclassified_Bacteria"
"OTU1426","Bacteria","Actinobacteria","unclassified_""Actinobacteria""","unclassified_""Actinobacteria""","unclassified_""Actinobacteria""","unclassified_""Actinobacteria"""
"OTU1606","Bacteria","Bacteroidetes","Bacteroidia","Bacteroidales","unclassified_""Bacteroidales""","unclassified_""Bacteroidales"""
"OTU729","Bacteria","Firmicutes","Clostridia","Clostridiales","Lachnospiraceae","unclassified_Lachnospiraceae"
"OTU1040","Bacteria","Proteobacteria","Alphaproteobacteria","Rhodospirillales","Acetobacteraceae","unclassified_Acetobacteraceae"
"OTU460","Bacteria","Bacteroidetes","Cytophagia","Cytophagales","Cytophagaceae","Hymenobacter"
"OTU197","Bacteria","Bacteroidetes","Cytophagia","Cytophagales","Cytophagaceae","Hymenobacter"
"OTU584","Bacteria","Firmicutes","Clostridia","Clostridiales","Lachnospiraceae","unclassified_Lachnospiraceae"
"OTU829","Bacteria","Proteobacteria","Deltaproteobacteria","Myxococcales","unclassified_Myxococcales","unclassified_Myxococcales"
"OTU456","Bacteria","Firmicutes","Clostridia","Clostridiales","Ruminococcaceae","unclassified_Ruminococcaceae"
"OTU1724","Bacteria","Firmicutes","Clostridia","Clostridiales","Ruminococcaceae","Faecalibacterium"
"OTU521","Bacteria","Actinobacteria","Actinobacteria","Actinomycetales","Microbacteriaceae","Microbacterium"
"OTU529","Bacteria","Actinobacteria","Actinobacteria","Actinomycetales","unclassified_Actinomycetales","unclassified_Actinomycetales"
"OTU907","Bacteria","Bacteroidetes","Cytophagia","Cytophagales","Cytophagaceae","Hymenobacter"
"OTU660","Bacteria","Actinobacteria","Actinobacteria","Actinomycetales","Pseudonocardiaceae","Actinosynnema"
"OTU1081","Bacteria","Proteobacteria","Gammaproteobacteria","unclassified_Gammaproteobacteria","unclassified_Gammaproteobacteria","unclassified_Gammaproteobacteria"
"OTU533","Bacteria","Firmicutes","Bacilli","Bacillales","Paenibacillaceae 1","Paenibacillus"
"OTU727","Bacteria","Proteobacteria","Betaproteobacteria","Burkholderiales","Comamonadaceae","Comamonas"
"OTU1857","Bacteria","unclassified_Bacteria","unclassified_Bacteria","unclassified_Bacteria","unclassified_Bacteria","unclassified_Bacteria"
"OTU1159","Bacteria","Proteobacteria","Alphaproteobacteria","Rhodobacterales","Rhodobacteraceae","Rubellimicrobium"
"OTU1435","Bacteria","Acidobacteria","Acidobacteria_Gp6","unclassified_Acidobacteria_Gp6","unclassified_Acidobacteria_Gp6","Gp6"
"OTU515","Bacteria","Actinobacteria","Actinobacteria","Actinomycetales","Corynebacteriaceae","Corynebacterium"
"OTU459","Bacteria","Actinobacteria","Actinobacteria","Actinomycetales","Micrococcaceae","Arthrobacter"
"OTU791","Bacteria","Firmicutes","Clostridia","Clostridiales","Lachnospiraceae","Oribacterium"
"OTU675","Bacteria","Proteobacteria","Epsilonproteobacteria","Campylobacterales","Campylobacteraceae","Arcobacter"
"OTU638","Bacteria","Bacteroidetes","Bacteroidia","Bacteroidales","Prevotellaceae","Prevotella"
"OTU655","Bacteria","Acidobacteria","Acidobacteria_Gp6","unclassified_Acidobacteria_Gp6","unclassified_Acidobacteria_Gp6","Gp6"
"OTU768","Bacteria","Bacteroidetes","Bacteroidia","Bacteroidales","Prevotellaceae","Alloprevotella"
"OTU591","Bacteria","Acidobacteria","Acidobacteria_Gp6","unclassified_Acidobacteria_Gp6","unclassified_Acidobacteria_Gp6","Gp6"
"OTU873","Bacteria","Firmicutes","Erysipelotrichia","Erysipelotrichales","Erysipelotrichaceae","Bulleidia"
"OTU908","Bacteria","Proteobacteria","Betaproteobacteria","Neisseriales","Neisseriaceae","Neisseria"
"OTU685","Bacteria","Firmicutes","Erysipelotrichia","Erysipelotrichales","Erysipelotrichaceae","unclassified_Erysipelotrichaceae"
"OTU1358","Bacteria","Firmicutes","Clostridia","Clostridiales","Lachnospiraceae","Blautia"
"OTU994","Bacteria","Firmicutes","Negativicutes","Selenomonadales","Veillonellaceae","Anaeroglobus"
"OTU1209","Bacteria","Candidatus Saccharibacteria","unclassified_Candidatus Saccharibacteria","unclassified_Candidatus Saccharibacteria","unclassified_Candidatus Saccharibacteria","Saccharibacteria_genera_incertae_sedis"
"OTU1205","Bacteria","unclassified_Bacteria","unclassified_Bacteria","unclassified_Bacteria","unclassified_Bacteria","unclassified_Bacteria"
"OTU1303","Bacteria","Bacteroidetes","Cytophagia","Cytophagales","Cytophagaceae","Dyadobacter"
"OTU465","Bacteria","Actinobacteria","Actinobacteria","Actinomycetales","Actinomycetaceae","Actinotignum"
"OTU1421","Bacteria","Proteobacteria","Betaproteobacteria","Neisseriales","Neisseriaceae","unclassified_Neisseriaceae"
"OTU1125","Bacteria","Firmicutes","Clostridia","Clostridiales","Clostridiales_Incertae Sedis XIII","Mogibacterium"
"OTU1130","Bacteria","Actinobacteria","Actinobacteria","Coriobacteriales","Coriobacteriaceae","Enterorhabdus"
"OTU1099","Bacteria","Firmicutes","Bacilli","Lactobacillales","Streptococcaceae","Streptococcus"
"OTU1538","Bacteria","Actinobacteria","Actinobacteria","Coriobacteriales","Coriobacteriaceae","Slackia"
"OTU942","Bacteria","Actinobacteria","Actinobacteria","Actinomycetales","Actinomycetaceae","Actinotignum"
"OTU1396","Bacteria","Bacteroidetes","Bacteroidia","Bacteroidales","Prevotellaceae","Prevotella"
"OTU1245","Bacteria","Actinobacteria","Actinobacteria","Coriobacteriales","Coriobacteriaceae","unclassified_Coriobacteriaceae"
"OTU1234","Bacteria","Actinobacteria","Actinobacteria","Actinomycetales","Actinomycetaceae","Actinomyces"
"OTU1451","Bacteria","Actinobacteria","Actinobacteria","Actinomycetales","Nocardioidaceae","Nocardioides"
"OTU1551","Bacteria","Bacteroidetes","Bacteroidia","Bacteroidales","unclassified_""Bacteroidales""","unclassified_""Bacteroidales"""
"OTU1514","Bacteria","Actinobacteria","Actinobacteria","Actinomycetales","Nocardioidaceae","Nocardioides"
"OTU1172","Bacteria","Proteobacteria","Gammaproteobacteria","Xanthomonadales","Xanthomonadaceae","Stenotrophomonas"
"OTU1330","Bacteria","Firmicutes","Bacilli","Bacillales","Bacillaceae 1","Bacillus"
"OTU1972","Bacteria","unclassified_Bacteria","unclassified_Bacteria","unclassified_Bacteria","unclassified_Bacteria","unclassified_Bacteria"
"OTU1486","Bacteria","Actinobacteria","Actinobacteria","Coriobacteriales","Coriobacteriaceae","unclassified_Coriobacteriaceae"
"OTU1444","Bacteria","Actinobacteria","Actinobacteria","Actinomycetales","Micrococcaceae","Rothia"
"OTU1516","Bacteria","Firmicutes","Negativicutes","Selenomonadales","Veillonellaceae","Negativicoccus"
"OTU1232","Bacteria","Actinobacteria","Actinobacteria","Acidimicrobiales","Acidimicrobiaceae","Ilumatobacter"
"OTU1501","Bacteria","Firmicutes","Negativicutes","Selenomonadales","Veillonellaceae","unclassified_Veillonellaceae"
"OTU1385","Bacteria","Firmicutes","Clostridia","Clostridiales","Heliobacteriaceae","Hydrogenispora"
"OTU1117","Bacteria","Firmicutes","Bacilli","Bacillales","Planococcaceae","Sporosarcina"
"OTU1811","Bacteria","Actinobacteria","Actinobacteria","Actinomycetales","Mycobacteriaceae","Mycobacterium"
"OTU1783","Bacteria","Proteobacteria","Deltaproteobacteria","Bdellovibrionales","Bdellovibrionaceae","Bdellovibrio"
"OTU1318","Bacteria","Firmicutes","Negativicutes","Selenomonadales","Veillonellaceae","Selenomonas"
"OTU1450","Bacteria","Proteobacteria","Gammaproteobacteria","Pseudomonadales","Moraxellaceae","Moraxella"
"OTU283","Bacteria","Proteobacteria","Alphaproteobacteria","Rhizobiales","Phyllobacteriaceae","Mesorhizobium"
"OTU354","Bacteria","Firmicutes","Bacilli","Bacillales","Staphylococcaceae","Jeotgalicoccus"
"OTU162","Bacteria","Proteobacteria","Betaproteobacteria","Rhodocyclales","Rhodocyclaceae","unclassified_Rhodocyclaceae"
"OTU503","Bacteria","Proteobacteria","Betaproteobacteria","Rhodocyclales","Rhodocyclaceae","unclassified_Rhodocyclaceae"
"OTU821","Bacteria","Firmicutes","Bacilli","Bacillales","Bacillaceae 1","Bacillus"
"OTU921","Bacteria","Proteobacteria","Betaproteobacteria","Burkholderiales","unclassified_Burkholderiales","unclassified_Burkholderiales"
"OTU1845","Bacteria","Proteobacteria","Gammaproteobacteria","Pseudomonadales","Moraxellaceae","unclassified_Moraxellaceae"
"OTU951","Bacteria","Gemmatimonadetes","Gemmatimonadetes","Gemmatimonadales","Gemmatimonadaceae","Gemmatimonas"
"OTU774","Bacteria","Actinobacteria","Actinobacteria","Actinomycetales","Micromonosporaceae","Virgisporangium"
"OTU664","Bacteria","Proteobacteria","Gammaproteobacteria","Chromatiales","unclassified_Chromatiales","unclassified_Chromatiales"
"OTU676","Bacteria","Acidobacteria","Acidobacteria_Gp6","unclassified_Acidobacteria_Gp6","unclassified_Acidobacteria_Gp6","Gp6"
"OTU957","Bacteria","unclassified_Bacteria","unclassified_Bacteria","unclassified_Bacteria","unclassified_Bacteria","unclassified_Bacteria"
"OTU894","Bacteria","Actinobacteria","Actinobacteria","Actinomycetales","Nocardioidaceae","Nocardioides"
"OTU1291","Bacteria","Actinobacteria","Actinobacteria","Actinomycetales","Nocardioidaceae","Nocardioides"
"OTU906","Bacteria","Actinobacteria","Actinobacteria","Actinomycetales","unclassified_Actinomycetales","unclassified_Actinomycetales"
"OTU1336","Bacteria","Actinobacteria","Actinobacteria","Actinomycetales","Pseudonocardiaceae","unclassified_Pseudonocardiaceae"
"OTU988","Bacteria","Actinobacteria","Actinobacteria","Gaiellales","Gaiellaceae","Gaiella"
"OTU1771","Bacteria","Proteobacteria","Gammaproteobacteria","Pseudomonadales","Moraxellaceae","Alkanindiges"
"OTU1411","Bacteria","Proteobacteria","Gammaproteobacteria","Vibrionales","Vibrionaceae","Vibrio"
"OTU1263","Bacteria","Firmicutes","Clostridia","Clostridiales","Ruminococcaceae","Sporobacter"
"OTU844","Bacteria","Actinobacteria","Actinobacteria","Gaiellales","Gaiellaceae","Gaiella"
"OTU505","Bacteria","Acidobacteria","Acidobacteria_Gp4","unclassified_Acidobacteria_Gp4","unclassified_Acidobacteria_Gp4","Aridibacter"
"OTU1662","Bacteria","Firmicutes","Clostridia","Clostridiales","Peptostreptococcaceae","Filifactor"
"OTU1290","Bacteria","Actinobacteria","Actinobacteria","Actinomycetales","Nocardioidaceae","Nocardioides"
"OTU1383","Bacteria","Bacteroidetes","Sphingobacteriia","Sphingobacteriales","Sphingobacteriaceae","Sphingobacterium"
"OTU1504","Bacteria","Firmicutes","Bacilli","Lactobacillales","Leuconostocaceae","Leuconostoc"
"OTU1529","Bacteria","Firmicutes","Clostridia","Clostridiales","Lachnospiraceae","unclassified_Lachnospiraceae"
"OTU1602","Bacteria","Firmicutes","Clostridia","Clostridiales","Lachnospiraceae","unclassified_Lachnospiraceae"
"OTU1920","Bacteria","Proteobacteria","Alphaproteobacteria","Sphingomonadales","Sphingomonadaceae","unclassified_Sphingomonadaceae"
"OTU625","Bacteria","Actinobacteria","Actinobacteria","Actinomycetales","Actinomycetaceae","Actinomyces"
"OTU684","Bacteria","Actinobacteria","Actinobacteria","Actinomycetales","Sanguibacteraceae","Sanguibacter"
"OTU1231","Bacteria","Firmicutes","Bacilli","Bacillales","Staphylococcaceae","Macrococcus"
"OTU666","Bacteria","Actinobacteria","Actinobacteria","Actinomycetales","Actinomycetaceae","Trueperella"
"OTU1250","Bacteria","Bacteroidetes","Cytophagia","Cytophagales","Cytophagaceae","Persicitalea"
"OTU1244","Bacteria","Actinobacteria","Actinobacteria","Actinomycetales","Propionibacteriaceae","Friedmanniella"
"OTU1354","Bacteria","Actinobacteria","Actinobacteria","Actinomycetales","unclassified_Actinomycetales","unclassified_Actinomycetales"
"OTU1679","Bacteria","Actinobacteria","Actinobacteria","Actinomycetales","Corynebacteriaceae","Corynebacterium"
"OTU1780","Bacteria","Firmicutes","Erysipelotrichia","Erysipelotrichales","Erysipelotrichaceae","Turicibacter"
"OTU1004","Bacteria","Firmicutes","Bacilli","Bacillales","Planococcaceae","Sporosarcina"
"OTU977","Bacteria","Firmicutes","Bacilli","Bacillales","Planococcaceae","Sporosarcina"
"OTU976","Bacteria","unclassified_Bacteria","unclassified_Bacteria","unclassified_Bacteria","unclassified_Bacteria","unclassified_Bacteria"
"OTU896","Bacteria","Actinobacteria","Actinobacteria","Actinomycetales","Microbacteriaceae","Microbacterium"
"OTU1881","Bacteria","Proteobacteria","Alphaproteobacteria","Rhodospirillales","Acetobacteraceae","Roseomonas"
"OTU1683","Bacteria","Bacteroidetes","Flavobacteriia","Flavobacteriales","Flavobacteriaceae","Flavobacterium"
"OTU1311","Bacteria","Bacteroidetes","Flavobacteriia","Flavobacteriales","Flavobacteriaceae","Flavobacterium"
"OTU1543","Bacteria","Actinobacteria","Actinobacteria","Actinomycetales","Mycobacteriaceae","Mycobacterium"
"OTU1098","Bacteria","Tenericutes","Mollicutes","Mycoplasmatales","Mycoplasmataceae","Mycoplasma"
"OTU1524","Bacteria","unclassified_Bacteria","unclassified_Bacteria","unclassified_Bacteria","unclassified_Bacteria","unclassified_Bacteria"
"OTU2034","Bacteria","Bacteroidetes","Bacteroidia","Bacteroidales","unclassified_""Bacteroidales""","unclassified_""Bacteroidales"""
"OTU802","Bacteria","Bacteroidetes","Cytophagia","Cytophagales","Cytophagaceae","unclassified_Cytophagaceae"
"OTU1778","Bacteria","Bacteroidetes","Flavobacteriia","Flavobacteriales","Flavobacteriaceae","Flavobacterium"
"OTU983","Bacteria","unclassified_Bacteria","unclassified_Bacteria","unclassified_Bacteria","unclassified_Bacteria","unclassified_Bacteria"
"OTU1252","Bacteria","Actinobacteria","Actinobacteria","Acidimicrobiales","Acidimicrobiaceae","Ilumatobacter"
"OTU1727","Bacteria","Proteobacteria","unclassified_""Proteobacteria""","unclassified_""Proteobacteria""","unclassified_""Proteobacteria""","unclassified_""Proteobacteria"""
"OTU636","Bacteria","Actinobacteria","Actinobacteria","Actinomycetales","Micrococcaceae","Nesterenkonia"
"OTU892","Bacteria","Proteobacteria","Gammaproteobacteria","Xanthomonadales","Xanthomonadaceae","Lysobacter"
"OTU975","Bacteria","unclassified_Bacteria","unclassified_Bacteria","unclassified_Bacteria","unclassified_Bacteria","unclassified_Bacteria"
"OTU1635","Bacteria","Proteobacteria","Gammaproteobacteria","Xanthomonadales","Xanthomonadaceae","unclassified_Xanthomonadaceae"
"OTU934","Bacteria","BRC1","unclassified_BRC1","unclassified_BRC1","unclassified_BRC1","BRC1_genera_incertae_sedis"
"OTU1229","Bacteria","Bacteroidetes","Sphingobacteriia","Sphingobacteriales","Sphingobacteriaceae","Pedobacter"
"OTU1699","Bacteria","Firmicutes","Bacilli","Lactobacillales","Carnobacteriaceae","Alloiococcus"
"OTU1991","Bacteria","Proteobacteria","Betaproteobacteria","Burkholderiales","Burkholderiaceae","Ralstonia"
"OTU499","Bacteria","Bacteroidetes","Sphingobacteriia","Sphingobacteriales","Sphingobacteriaceae","Sphingobacterium"
"OTU62","Bacteria","Candidatus Saccharibacteria","unclassified_Candidatus Saccharibacteria","unclassified_Candidatus Saccharibacteria","unclassified_Candidatus Saccharibacteria","Saccharibacteria_genera_incertae_sedis"
"OTU330","Bacteria","Bacteroidetes","Sphingobacteriia","Sphingobacteriales","Sphingobacteriaceae","Sphingobacterium"
"OTU1774","Bacteria","Proteobacteria","Alphaproteobacteria","Rhizobiales","Brucellaceae","Ochrobactrum"
"OTU593","Bacteria","Proteobacteria","Alphaproteobacteria","Rhodospirillales","Acetobacteraceae","Roseomonas"
"OTU123","Bacteria","Proteobacteria","Alphaproteobacteria","Rhizobiales","Brucellaceae","Ochrobactrum"
"OTU653","Bacteria","Proteobacteria","Betaproteobacteria","Burkholderiales","Comamonadaceae","Comamonas"
"OTU822","Bacteria","Bacteroidetes","Flavobacteriia","Flavobacteriales","Flavobacteriaceae","Flavobacterium"
"OTU887","Bacteria","Bacteroidetes","Bacteroidia","Bacteroidales","Prevotellaceae","Alloprevotella"
"OTU1749","Bacteria","Actinobacteria","Actinobacteria","Actinomycetales","Micrococcaceae","Kocuria"
"OTU1609","Bacteria","Candidatus Saccharibacteria","unclassified_Candidatus Saccharibacteria","unclassified_Candidatus Saccharibacteria","unclassified_Candidatus Saccharibacteria","Saccharibacteria_genera_incertae_sedis"
"OTU327","Bacteria","Proteobacteria","Betaproteobacteria","Neisseriales","Neisseriaceae","Kingella"
"OTU1422","Bacteria","Proteobacteria","Gammaproteobacteria","Pseudomonadales","Moraxellaceae","Acinetobacter"
"OTU1016","Bacteria","Bacteroidetes","Flavobacteriia","Flavobacteriales","Flavobacteriaceae","Flavobacterium"
"OTU1373","Bacteria","Actinobacteria","Actinobacteria","Actinomycetales","Propionibacteriaceae","Propionicimonas"
"OTU1156","Bacteria","Firmicutes","Clostridia","Clostridiales","Lachnospiraceae","unclassified_Lachnospiraceae"
"OTU1340","Bacteria","Firmicutes","Bacilli","Lactobacillales","Lactobacillaceae","Lactobacillus"
"OTU1834","Bacteria","Proteobacteria","Gammaproteobacteria","Pasteurellales","Pasteurellaceae","Aggregatibacter"
"OTU695","Bacteria","Firmicutes","Bacilli","Bacillales","Planococcaceae","unclassified_Planococcaceae"
"OTU767","Bacteria","Actinobacteria","Actinobacteria","Actinomycetales","unclassified_Actinomycetales","unclassified_Actinomycetales"
"OTU1432","Bacteria","Proteobacteria","Gammaproteobacteria","Xanthomonadales","Xanthomonadaceae","unclassified_Xanthomonadaceae"
"OTU1545","Bacteria","Actinobacteria","Actinobacteria","Actinomycetales","Nocardiopsaceae","Nocardiopsis"
"OTU805","Bacteria","Actinobacteria","Actinobacteria","Solirubrobacterales","Solirubrobacteraceae","Solirubrobacter"
"OTU1189","Bacteria","unclassified_Bacteria","unclassified_Bacteria","unclassified_Bacteria","unclassified_Bacteria","unclassified_Bacteria"
"OTU412","Bacteria","Firmicutes","Bacilli","Bacillales","Thermoactinomycetaceae 1","Shimazuella"
"OTU1026","Bacteria","Bacteroidetes","Bacteroidia","Bacteroidales","Prevotellaceae","Paraprevotella"
"OTU445","Bacteria","Actinobacteria","Actinobacteria","Actinomycetales","Propionibacteriaceae","Naumannella"
"OTU808","Bacteria","unclassified_Bacteria","unclassified_Bacteria","unclassified_Bacteria","unclassified_Bacteria","unclassified_Bacteria"
"OTU573","Bacteria","Actinobacteria","Actinobacteria","Actinomycetales","Intrasporangiaceae","Terracoccus"
"OTU156","Bacteria","Actinobacteria","Actinobacteria","Actinomycetales","Nocardiaceae","Rhodococcus"
"OTU372","Bacteria","Bacteroidetes","Sphingobacteriia","Sphingobacteriales","Chitinophagaceae","Chitinophaga"
"OTU1003","Bacteria","Firmicutes","Clostridia","Clostridiales","Ruminococcaceae","unclassified_Ruminococcaceae"
"OTU1900","Bacteria","Deinococcus-Thermus","Deinococci","Deinococcales","Deinococcaceae","Deinococcus"
"OTU1944","Bacteria","unclassified_Bacteria","unclassified_Bacteria","unclassified_Bacteria","unclassified_Bacteria","unclassified_Bacteria"
"OTU487","Bacteria","Actinobacteria","Actinobacteria","Gaiellales","Gaiellaceae","Gaiella"
"OTU1781","Bacteria","unclassified_Bacteria","unclassified_Bacteria","unclassified_Bacteria","unclassified_Bacteria","unclassified_Bacteria"
"OTU1687","Bacteria","Proteobacteria","Alphaproteobacteria","Rhizobiales","Aurantimonadaceae","unclassified_""Aurantimonadaceae"""
"OTU318","Bacteria","unclassified_Bacteria","unclassified_Bacteria","unclassified_Bacteria","unclassified_Bacteria","unclassified_Bacteria"
"OTU1861","Bacteria","Bacteroidetes","Sphingobacteriia","Sphingobacteriales","Sphingobacteriaceae","Sphingobacterium"
"OTU716","Bacteria","Bacteroidetes","Sphingobacteriia","Sphingobacteriales","Sphingobacteriaceae","Sphingobacterium"
"OTU491","Bacteria","Bacteroidetes","Sphingobacteriia","Sphingobacteriales","Sphingobacteriaceae","Sphingobacterium"
"OTU678","Bacteria","Actinobacteria","Actinobacteria","Actinomycetales","Microbacteriaceae","Leucobacter"
"OTU1012","Bacteria","Proteobacteria","Betaproteobacteria","Burkholderiales","Alcaligenaceae","Pigmentiphaga"
"OTU1155","Bacteria","Proteobacteria","Alphaproteobacteria","Rhodospirillales","Acetobacteraceae","Acetobacter"
"OTU1070","Bacteria","Bacteroidetes","Cytophagia","Cytophagales","Cytophagaceae","Dyadobacter"
"OTU1239","Bacteria","Actinobacteria","Actinobacteria","Actinomycetales","unclassified_Actinomycetales","unclassified_Actinomycetales"
"OTU1431","Bacteria","Proteobacteria","Gammaproteobacteria","Xanthomonadales","Xanthomonadaceae","Luteimonas"
"OTU1221","Bacteria","Bacteroidetes","Flavobacteriia","Flavobacteriales","Flavobacteriaceae","Bergeyella"
"OTU1667","Bacteria","Bacteroidetes","Cytophagia","Cytophagales","Cytophagaceae","Runella"
"OTU1175","Bacteria","Firmicutes","Bacilli","Bacillales","Bacillaceae 1","Anoxybacillus"
"OTU1018","Bacteria","Proteobacteria","Alphaproteobacteria","Rhodospirillales","Rhodospirillaceae","Magnetospirillum"
"OTU1088","Bacteria","Actinobacteria","Actinobacteria","Actinomycetales","Corynebacteriaceae","Corynebacterium"
"OTU1060","Bacteria","Fusobacteria","Fusobacteriia","Fusobacteriales","Fusobacteriaceae","unclassified_""Fusobacteriaceae"""
"OTU1446","Bacteria","Firmicutes","Erysipelotrichia","Erysipelotrichales","Erysipelotrichaceae","Catenibacterium"
"OTU1122","Bacteria","Firmicutes","Clostridia","Clostridiales","Lachnospiraceae","Clostridium XlVa"
"OTU1997","Bacteria","Actinobacteria","Actinobacteria","Actinomycetales","Dermabacteraceae","Dermabacter"
"OTU759","Bacteria","Armatimonadetes","Armatimonadia","Armatimonadales","Armatimonadaceae","Armatimonas/Armatimonadetes_gp1"
"OTU1210","Bacteria","Firmicutes","Bacilli","Bacillales","Bacillaceae 1","Bacillus"
"OTU1128","Bacteria","Firmicutes","Erysipelotrichia","Erysipelotrichales","Erysipelotrichaceae","unclassified_Erysipelotrichaceae"
"OTU801","Bacteria","Actinobacteria","Actinobacteria","Actinomycetales","Streptomycetaceae","Streptomyces"
"OTU1112","Bacteria","Actinobacteria","Actinobacteria","Actinomycetales","Intrasporangiaceae","Ornithinimicrobium"
"OTU838","Bacteria","Actinobacteria","Actinobacteria","Actinomycetales","unclassified_Actinomycetales","unclassified_Actinomycetales"
"OTU1998","Bacteria","Actinobacteria","Actinobacteria","Actinomycetales","Streptomycetaceae","unclassified_Streptomycetaceae"
"OTU1047","Bacteria","Proteobacteria","Alphaproteobacteria","Sphingomonadales","Sphingomonadaceae","Sphingomonas"
"OTU1646","Bacteria","Actinobacteria","Actinobacteria","Actinomycetales","Micrococcaceae","Arthrobacter"
"OTU2027","Bacteria","Proteobacteria","Deltaproteobacteria","Myxococcales","Labilitrichaceae","Labilithrix"
"OTU1791","Bacteria","Firmicutes","Bacilli","Bacillales","Bacillaceae 2","unclassified_Bacillaceae 2"
"OTU479","Bacteria","Proteobacteria","Gammaproteobacteria","Legionellales","Coxiellaceae","Diplorickettsia"
"OTU739","Bacteria","Bacteroidetes","Bacteroidia","Bacteroidales","Prevotellaceae","unclassified_""Prevotellaceae"""
"OTU1157","Bacteria","Planctomycetes","Planctomycetia","Planctomycetales","Planctomycetaceae","unclassified_Planctomycetaceae"
"OTU2009","Bacteria","Bacteroidetes","Bacteroidia","Bacteroidales","Prevotellaceae","Prevotella"
"OTU758","Bacteria","Actinobacteria","Actinobacteria","Actinomycetales","Propionibacteriaceae","unclassified_Propionibacteriaceae"
"OTU1503","Bacteria","Proteobacteria","Gammaproteobacteria","Pseudomonadales","Pseudomonadaceae","Pseudomonas"
"OTU881","Bacteria","Deinococcus-Thermus","Deinococci","Deinococcales","Deinococcaceae","Deinococcus"
"OTU551","Bacteria","Firmicutes","Clostridia","Clostridiales","unclassified_Clostridiales","unclassified_Clostridiales"
"OTU724","Bacteria","unclassified_Bacteria","unclassified_Bacteria","unclassified_Bacteria","unclassified_Bacteria","unclassified_Bacteria"
"OTU735","Bacteria","Chloroflexi","Thermomicrobia","Sphaerobacterales","Sphaerobacteraceae","unclassified_Sphaerobacteraceae"
"OTU945","Bacteria","Bacteroidetes","Flavobacteriia","Flavobacteriales","Flavobacteriaceae","Myroides"
"OTU1846","Bacteria","Proteobacteria","Gammaproteobacteria","Pseudomonadales","Moraxellaceae","Acinetobacter"
"OTU825","Bacteria","Actinobacteria","unclassified_""Actinobacteria""","unclassified_""Actinobacteria""","unclassified_""Actinobacteria""","unclassified_""Actinobacteria"""
"OTU1927","Bacteria","Armatimonadetes","unclassified_""Armatimonadetes""","unclassified_""Armatimonadetes""","unclassified_""Armatimonadetes""","Armatimonadetes_gp5"
"OTU545","Bacteria","Firmicutes","Clostridia","Clostridiales","Clostridiales_Incertae Sedis XI","Anaerococcus"
"OTU1087","Bacteria","Proteobacteria","Betaproteobacteria","unclassified_Betaproteobacteria","unclassified_Betaproteobacteria","unclassified_Betaproteobacteria"
"OTU447","Bacteria","Firmicutes","Bacilli","Lactobacillales","Aerococcaceae","Globicatella"
"OTU446","Bacteria","Actinobacteria","Actinobacteria","Actinomycetales","Corynebacteriaceae","Corynebacterium"
"OTU1773","Bacteria","unclassified_Bacteria","unclassified_Bacteria","unclassified_Bacteria","unclassified_Bacteria","unclassified_Bacteria"
"OTU541","Bacteria","Proteobacteria","Alphaproteobacteria","Rhizobiales","Methylobacteriaceae","Methylobacterium"
"OTU1804","Bacteria","Proteobacteria","Alphaproteobacteria","Rhodobacterales","Rhodobacteraceae","Rubellimicrobium"
"OTU1455","Bacteria","Actinobacteria","Actinobacteria","Actinomycetales","Propionibacteriaceae","Propioniciclava"
"OTU623","Bacteria","Firmicutes","Clostridia","Clostridiales","Clostridiaceae 1","Clostridium sensu stricto"
"OTU814","Bacteria","Actinobacteria","Actinobacteria","Actinomycetales","Microbacteriaceae","Clavibacter"
"OTU996","Bacteria","Proteobacteria","Alphaproteobacteria","Rhizobiales","Hyphomicrobiaceae","Hyphomicrobium"
"OTU634","Bacteria","Actinobacteria","Actinobacteria","unclassified_Actinobacteria","unclassified_Actinobacteria","unclassified_Actinobacteria"
"OTU1458","Bacteria","Proteobacteria","Betaproteobacteria","unclassified_Betaproteobacteria","unclassified_Betaproteobacteria","unclassified_Betaproteobacteria"
"OTU486","Bacteria","Acidobacteria","Acidobacteria_Gp6","unclassified_Acidobacteria_Gp6","unclassified_Acidobacteria_Gp6","Gp6"
"OTU295","Bacteria","Firmicutes","Bacilli","Bacillales","Sporolactobacillaceae","Sporolactobacillaceae_incertae_sedis"
"OTU931","Bacteria","Acidobacteria","Acidobacteria_Gp16","unclassified_Acidobacteria_Gp16","unclassified_Acidobacteria_Gp16","Gp16"
"OTU571","Bacteria","Proteobacteria","Deltaproteobacteria","unclassified_Deltaproteobacteria","unclassified_Deltaproteobacteria","unclassified_Deltaproteobacteria"
"OTU376","Bacteria","Firmicutes","Bacilli","Bacillales","Bacillaceae 1","Bacillus"
"OTU737","Bacteria","unclassified_Bacteria","unclassified_Bacteria","unclassified_Bacteria","unclassified_Bacteria","unclassified_Bacteria"
"OTU1409","Bacteria","Candidatus Saccharibacteria","unclassified_Candidatus Saccharibacteria","unclassified_Candidatus Saccharibacteria","unclassified_Candidatus Saccharibacteria","Saccharibacteria_genera_incertae_sedis"
"OTU509","Bacteria","Gemmatimonadetes","Gemmatimonadetes","Gemmatimonadales","Gemmatimonadaceae","Gemmatimonas"
"OTU1020","Bacteria","Actinobacteria","Actinobacteria","Actinomycetales","Micrococcaceae","Arthrobacter"
"OTU948","Bacteria","Thermotogae","Thermotogae","Thermotogales","Fervidobacteriaceae","Fervidobacterium"
"OTU1919","Bacteria","Bacteroidetes","Flavobacteriia","Flavobacteriales","Cryomorphaceae","unclassified_Cryomorphaceae"
"OTU1104","Bacteria","Bacteroidetes","Cytophagia","Cytophagales","Cytophagaceae","Spirosoma"
"OTU1603","Bacteria","unclassified_Bacteria","unclassified_Bacteria","unclassified_Bacteria","unclassified_Bacteria","unclassified_Bacteria"
"OTU880","Bacteria","Candidatus Saccharibacteria","unclassified_Candidatus Saccharibacteria","unclassified_Candidatus Saccharibacteria","unclassified_Candidatus Saccharibacteria","Saccharibacteria_genera_incertae_sedis"
"OTU858","Bacteria","Actinobacteria","Actinobacteria","Actinomycetales","unclassified_Actinomycetales","unclassified_Actinomycetales"
